"texto","categoria"
"Nota: al utilizar traits en php, se recomienda validar los tipos de entrada antes de invocar el método principal. Consulte la referencia oficial para más detalles sobre la configuración de Composer.","php"
"Guía rápida: cómo implementar dataclasses en FastAPI en menos de 10 minutos.","python"
"Paso 1: instalar Babel. Paso 2: configurar Vue. Paso 3: probar closures con un ejemplo mínimo. Recordá revisar la documentación oficial antes de llevar esto a producción.","javascript"
"Aprendé a construir aplicaciones reales de c++ combinando Boost con buenas prácticas de smart pointers.","c++"
"tip del profe: usar Visual Studio para debuggear MVVM, ahorra un montón de tiempo","c#"
"Paso 1: instalar Visual Studio Code. Paso 2: configurar ASP.NET Core. Paso 3: probar LINQ con un ejemplo mínimo.","c#"
"Este módulo documenta el uso correcto de namespaces dentro del framework Qt, incluyendo parámetros opcionales. Consulte la referencia oficial para más detalles sobre la configuración de CMake.","c++"
"Guía rápida: cómo implementar sobrecarga de operadores en OpenCV en menos de 10 minutos.","c++"
"Módulo 5: Aprende a dominar interfaces funcionales en Spring Data JPA desde cero, con proyectos prácticos aplicados a concurrencia con threads. Al finalizar el módulo recibirás un certificado y accederás a ejercicios adicionales de concurrencia con threads.","java"
"La clase principal de LiveData implementa Intents internamente para optimizar el ciclo de vida del componente. Consulte la referencia oficial para más detalles sobre la configuración de ADB.","android"
"Cheat sheet de SQLAlchemy: los comandos y conceptos de list comprehension que más vas a usar en el día a día.","python"
"Nota: al utilizar memoria dinámica en c++, se recomienda validar los tipos de entrada antes de invocar el método principal. Consulte la referencia oficial para más detalles sobre la configuración de CMake.","c++"
"tip del profe: usar dotnet CLI para debuggear Blazor, ahorra un montón de tiempo","c#"
"Comparamos Maven contra otras alternativas del ecosistema java, enfocándonos en testing unitario con JUnit y rendimiento. Además incluimos un mini benchmark comparando inyección de dependencias contra el enfoque tradicional.","java"
"Este módulo documenta el uso correcto de interfaces dentro del framework Entity Framework, incluyendo parámetros opcionales. Consulte la referencia oficial para más detalles sobre la configuración de Visual Studio Code. Este comportamiento puede cambiar en versiones futuras de Entity Framework, revisar el changelog.","c#"
"Comparamos Select2 contra otras alternativas del ecosistema jquery, enfocándonos en manipulación dinámica del DOM y rendimiento.","jquery"
"En este post analizamos las novedades de Pandas y cómo afecta a los proyectos de python en producción.","python"
"La funcionalidad middlewares en Eloquent ORM permite declarar componentes sin necesidad de configuración adicional. Consulte la referencia oficial para más detalles sobre la configuración de Artisan CLI.","php"
"Una guía práctica sobre estructura semántica usando Flexbox, con ejemplos de código y errores comunes a evitar.","html"
"me tira error raro con Nest.js, creo que es tema de versiones de ESLint, googlear despues","javascript"
"Guía rápida: cómo implementar formularios en Bootstrap en menos de 10 minutos.","html"
"Referencia rápida de el patrón singleton: sintaxis básica, ejemplos y errores comunes en java. Recordá revisar la documentación oficial antes de llevar esto a producción.","java"
"¿Vale la pena migrar a Boost en 2026? Repasamos ventajas, desventajas y casos de uso reales para optimización de rendimiento. Veremos también cómo se integra con g++ en un pipeline de deploy real.","c++"
"Paso 1: instalar ADB. Paso 2: configurar Jetpack Compose. Paso 3: probar Activities con un ejemplo mínimo.","android"
"Módulo 10: Aprende a dominar interfaces funcionales en Spring Data JPA desde cero, con proyectos prácticos aplicados a arquitectura de microservicios.","java"
"Guía rápida: cómo implementar chaining de métodos en Bootstrap con jQuery en menos de 10 minutos.","jquery"
"Curso intensivo de android: dominá Kotlin Coroutines y layouts XML en pocas semanas, con ejercicios evaluados automáticamente.","android"
"Módulo 6: Aprende a dominar delegados en MVVM desde cero, con proyectos prácticos aplicados a desarrollo de APIs REST. Al finalizar el módulo recibirás un certificado y accederás a ejercicios adicionales de desarrollo de APIs REST.","c#"
"La funcionalidad entornos virtuales en Pandas permite declarar componentes sin necesidad de configuración adicional. Consulte la referencia oficial para más detalles sobre la configuración de Jupyter Notebook. Este comportamiento puede cambiar en versiones futuras de Pandas, revisar el changelog.","python"
"¿Vale la pena migrar a Svelte en 2026? Repasamos ventajas, desventajas y casos de uso reales para autenticación con JWT. Veremos también cómo se integra con ESLint en un pipeline de deploy real. Además incluimos un mini benchmark comparando async/await contra el enfoque tradicional.","javascript"
"Referencia rápida de namespaces: sintaxis básica, ejemplos y errores comunes en c++. Recordá revisar la documentación oficial antes de llevar esto a producción. Este enfoque también aplica si estás trabajando con Visual Studio.","c++"
"Tutorial paso a paso para configurar PHPUnit y empezar a trabajar con Eloquent ORM en php.","php"
"Guía rápida: cómo implementar la stack y el heap en CMake en menos de 10 minutos. Recordá revisar la documentación oficial antes de llevar esto a producción. Este enfoque también aplica si estás trabajando con Visual Studio.","c++"
"En este post analizamos las novedades de Room y cómo afecta a los proyectos de android en producción. Además incluimos un mini benchmark comparando el ciclo de vida contra el enfoque tradicional.","android"
"¿Vale la pena migrar a Blazor en 2026? Repasamos ventajas, desventajas y casos de uso reales para Entity Framework Core.","c#"
"La clase principal de Bootstrap implementa etiquetas semánticas internamente para optimizar el ciclo de vida del componente. Consulte la referencia oficial para más detalles sobre la configuración de Chrome DevTools.","html"
"apunte: chaining de métodos en jquery es re confuso, preguntarle al profe en la próxima clase","jquery"
"Nota: al utilizar middlewares en php, se recomienda validar los tipos de entrada antes de invocar el método principal.","php"
"La clase principal de Angular implementa useState internamente para optimizar el ciclo de vida del componente.","javascript"
"Este módulo documenta el uso correcto de excepciones checked dentro del framework Spring Data JPA, incluyendo parámetros opcionales. Consulte la referencia oficial para más detalles sobre la configuración de Docker.","java"
"La funcionalidad accesibilidad (a11y) en Bootstrap permite declarar componentes sin necesidad de configuración adicional.","html"
"pendiente: terminar el tp de php usando WordPress, me falta la parte de interfaces -- ver video de youtube que recomendó un compañero sobre interfaces","php"
"Paso 1: instalar CMake. Paso 2: configurar CMake. Paso 3: probar namespaces con un ejemplo mínimo. Este enfoque también aplica si estás trabajando con Visual Studio.","c++"
"todavia no me cierra como funciona namespaces, hice un ejemplo copado pero se rompe con datos reales -- ver video de youtube que recomendó un compañero sobre namespaces","php"
"Nota: al utilizar módulos ES6 en javascript, se recomienda validar los tipos de entrada antes de invocar el método principal. Consulte la referencia oficial para más detalles sobre la configuración de Babel. Este comportamiento puede cambiar en versiones futuras de Nest.js, revisar el changelog.","javascript"
"La clase principal de Bulma implementa etiquetas semánticas internamente para optimizar el ciclo de vida del componente. Consulte la referencia oficial para más detalles sobre la configuración de VS Code. Este comportamiento puede cambiar en versiones futuras de Bulma, revisar el changelog.","html"
"Nota: al utilizar el DOM en html, se recomienda validar los tipos de entrada antes de invocar el método principal. Consulte la referencia oficial para más detalles sobre la configuración de Figma.","html"
"La funcionalidad el DOM virtual en Vue permite declarar componentes sin necesidad de configuración adicional. Consulte la referencia oficial para más detalles sobre la configuración de yarn.","javascript"
"tip del profe: usar TypeScript para debuggear Svelte, ahorra un montón de tiempo","javascript"
"Clase 8: desarrollo de APIs con FastAPI paso a paso, incluye desafíos de código y un proyecto integrador final en FastAPI. Al finalizar el módulo recibirás un certificado y accederás a ejercicios adicionales de desarrollo de APIs con FastAPI.","python"
"Hoy vamos a explorar eventos en c#, un tema que genera muchas dudas entre desarrolladores junior.","c#"
"Curso intensivo de c#: dominá ASP.NET Core y async/await en pocas semanas, con ejercicios evaluados automáticamente.","c#"
"La funcionalidad dataclasses en Pandas permite declarar componentes sin necesidad de configuración adicional.","python"
"Comparamos CodeIgniter contra otras alternativas del ecosistema php, enfocándonos en conexión a bases de datos con PDO y rendimiento. Veremos también cómo se integra con XAMPP en un pipeline de deploy real.","php"
"pendiente: terminar el tp de c++ usando CMake, me falta la parte de punteros","c++"
"La funcionalidad genéricos en Entity Framework permite declarar componentes sin necesidad de configuración adicional.","c#"
"repasar entornos virtuales para el parcial de python, no entendí bien el ejemplo de la clase -- ver video de youtube que recomendó un compañero sobre entornos virtuales","python"
"Nota: al utilizar context managers en python, se recomienda validar los tipos de entrada antes de invocar el método principal. Consulte la referencia oficial para más detalles sobre la configuración de PyCharm.","python"
"¿Vale la pena migrar a Tailwind CSS en 2026? Repasamos ventajas, desventajas y casos de uso reales para optimización SEO. Veremos también cómo se integra con Lighthouse en un pipeline de deploy real.","html"
"Retrofit expone una API que facilita el uso de RecyclerView, siempre que el entorno esté configurado con Gradle.","android"
"¿Vale la pena migrar a Nest.js en 2026? Repasamos ventajas, desventajas y casos de uso reales para componentes reutilizables.","javascript"
"apunte: etiquetas semánticas en html es re confuso, preguntarle al profe en la próxima clase","html"
"Cheat sheet de Retrofit: los comandos y conceptos de RecyclerView que más vas a usar en el día a día. Recordá revisar la documentación oficial antes de llevar esto a producción.","android"
"La funcionalidad eventos en WPF permite declarar componentes sin necesidad de configuración adicional. Consulte la referencia oficial para más detalles sobre la configuración de dotnet CLI.","c#"
"todavia no me cierra como funciona Activities, hice un ejemplo copado pero se rompe con datos reales","android"
"En este post analizamos las novedades de Spring Boot y cómo afecta a los proyectos de java en producción. Veremos también cómo se integra con Maven en un pipeline de deploy real.","java"
"La funcionalidad animate() en Select2 permite declarar componentes sin necesidad de configuración adicional.","jquery"
"apunte: closures en php es re confuso, preguntarle al profe en la próxima clase","php"
"Paso 1: instalar NuGet. Paso 2: configurar ASP.NET Core. Paso 3: probar LINQ con un ejemplo mínimo.","c#"
"Clase 3: manejo del ciclo de vida paso a paso, incluye desafíos de código y un proyecto integrador final en Retrofit. Al finalizar el módulo recibirás un certificado y accederás a ejercicios adicionales de manejo del ciclo de vida.","android"
"Bootstrap expone una API que facilita el uso de etiquetas semánticas, siempre que el entorno esté configurado con Chrome DevTools.","html"
"Hoy vamos a explorar eventos en c#, un tema que genera muchas dudas entre desarrolladores junior. Además incluimos un mini benchmark comparando eventos contra el enfoque tradicional.","c#"
"Slim Framework expone una API que facilita el uso de el autoloading, siempre que el entorno esté configurado con Artisan CLI. Este comportamiento puede cambiar en versiones futuras de Slim Framework, revisar el changelog.","php"
"Una guía práctica sobre migraciones con Laravel usando Composer, con ejemplos de código y errores comunes a evitar. Veremos también cómo se integra con PHPUnit en un pipeline de deploy real. Además incluimos un mini benchmark comparando PDO contra el enfoque tradicional.","php"
"En esta unidad profundizamos en manejo del ciclo de vida utilizando Jetpack Compose, ideal para quienes ya conocen lo básico de android.","android"
"Una guía práctica sobre análisis de datos con pandas usando NumPy, con ejemplos de código y errores comunes a evitar. Veremos también cómo se integra con conda en un pipeline de deploy real.","python"
"Guía rápida: cómo implementar event handlers en Bootstrap con jQuery en menos de 10 minutos.","jquery"
"pendiente: terminar el tp de c# usando Entity Framework, me falta la parte de eventos","c#"
"Paso 1: instalar Valgrind. Paso 2: configurar CMake. Paso 3: probar la stack y el heap con un ejemplo mínimo.","c++"
"Comparamos MVVM contra otras alternativas del ecosistema c#, enfocándonos en testing con xUnit y rendimiento. Además incluimos un mini benchmark comparando nullable reference types contra el enfoque tradicional.","c#"
"Módulo 10: Aprende a dominar dataclasses en FastAPI desde cero, con proyectos prácticos aplicados a despliegue con Docker. Al finalizar el módulo recibirás un certificado y accederás a ejercicios adicionales de despliegue con Docker.","python"
"Tutorial paso a paso para configurar npm y empezar a trabajar con DataTables en jquery.","jquery"
"Aprendé a construir aplicaciones reales de php combinando Laravel con buenas prácticas de interfaces.","php"
"¿Vale la pena migrar a MVVM en 2026? Repasamos ventajas, desventajas y casos de uso reales para autenticación con Identity.","c#"
"repasar formularios para el parcial de html, no entendí bien el ejemplo de la clase","html"
"no me anda Fragments en Room, capaz que me falta instalar Firebase Console, revisar mañana -- ver video de youtube que recomendó un compañero sobre Fragments","android"
"¿Vale la pena migrar a Svelte en 2026? Repasamos ventajas, desventajas y casos de uso reales para componentes reutilizables. Veremos también cómo se integra con TypeScript en un pipeline de deploy real. Además incluimos un mini benchmark comparando el bundler webpack contra el enfoque tradicional.","javascript"
"En esta unidad profundizamos en testing unitario con JUnit utilizando Jakarta EE, ideal para quienes ya conocen lo básico de java. Al finalizar el módulo recibirás un certificado y accederás a ejercicios adicionales de testing unitario con JUnit.","java"
"Nota: al utilizar streams en java, se recomienda validar los tipos de entrada antes de invocar el método principal. Consulte la referencia oficial para más detalles sobre la configuración de Maven.","java"
"Comparamos Room contra otras alternativas del ecosistema android, enfocándonos en notificaciones push y rendimiento. Veremos también cómo se integra con Genymotion en un pipeline de deploy real.","android"
"Referencia rápida de PDO: sintaxis básica, ejemplos y errores comunes en php. Este enfoque también aplica si estás trabajando con Composer.","php"
"tip del profe: usar Azure DevOps para debuggear MVVM, ahorra un montón de tiempo","c#"
"En este post analizamos las novedades de Boost y cómo afecta a los proyectos de c++ en producción. Veremos también cómo se integra con g++ en un pipeline de deploy real.","c++"
"En este post analizamos las novedades de STL y cómo afecta a los proyectos de c++ en producción. Veremos también cómo se integra con CMake en un pipeline de deploy real. Además incluimos un mini benchmark comparando sobrecarga de operadores contra el enfoque tradicional.","c++"
"Clase 6: consumo de APIs con Retrofit paso a paso, incluye desafíos de código y un proyecto integrador final en Android Studio. Al finalizar el módulo recibirás un certificado y accederás a ejercicios adicionales de consumo de APIs con Retrofit.","android"
"¿Vale la pena migrar a Blazor en 2026? Repasamos ventajas, desventajas y casos de uso reales para arquitectura en capas. Veremos también cómo se integra con Azure DevOps en un pipeline de deploy real.","c#"
"En esta unidad profundizamos en autenticación con Identity utilizando Xamarin, ideal para quienes ya conocen lo básico de c#. Al finalizar el módulo recibirás un certificado y accederás a ejercicios adicionales de autenticación con Identity.","c#"
"Módulo 7: Aprende a dominar dataclasses en Pandas desde cero, con proyectos prácticos aplicados a despliegue con Docker.","python"
"Este módulo documenta el uso correcto de etiquetas semánticas dentro del framework Tailwind CSS, incluyendo parámetros opcionales. Consulte la referencia oficial para más detalles sobre la configuración de Figma. Este comportamiento puede cambiar en versiones futuras de Tailwind CSS, revisar el changelog.","html"
"no me anda type hints en SQLAlchemy, capaz que me falta instalar pip, revisar mañana -- ver video de youtube que recomendó un compañero sobre type hints","python"
"no me anda callbacks en Node.js, capaz que me falta instalar TypeScript, revisar mañana","javascript"
"Aprendé a construir aplicaciones reales de python combinando Pandas con buenas prácticas de decoradores.","python"
"La funcionalidad responsive design en CSS Grid permite declarar componentes sin necesidad de configuración adicional.","html"
"Tutorial paso a paso para configurar Firebase Console y empezar a trabajar con Firebase en android.","android"
"Guía rápida: cómo implementar polimorfismo en Spring Data JPA en menos de 10 minutos.","java"
"Cheat sheet de Hibernate: los comandos y conceptos de la JVM que más vas a usar en el día a día. Recordá revisar la documentación oficial antes de llevar esto a producción.","java"
"Paso 1: instalar XAMPP. Paso 2: configurar Laravel. Paso 3: probar namespaces con un ejemplo mínimo. Recordá revisar la documentación oficial antes de llevar esto a producción.","php"
"Guía rápida: cómo implementar traits en Slim Framework en menos de 10 minutos. Recordá revisar la documentación oficial antes de llevar esto a producción.","php"
"Curso intensivo de jquery: dominá jQuery Mobile y el método .ready() en pocas semanas, con ejercicios evaluados automáticamente.","jquery"
"Clase 12: componentes reutilizables paso a paso, incluye desafíos de código y un proyecto integrador final en Nest.js.","javascript"
"Nota: al utilizar formularios en html, se recomienda validar los tipos de entrada antes de invocar el método principal.","html"
"Tutorial paso a paso para configurar IntelliJ IDEA y empezar a trabajar con Hibernate en java. Recordá revisar la documentación oficial antes de llevar esto a producción. Este enfoque también aplica si estás trabajando con Eclipse.","java"
"Este módulo documenta el uso correcto de PDO dentro del framework WordPress, incluyendo parámetros opcionales. Este comportamiento puede cambiar en versiones futuras de WordPress, revisar el changelog.","php"
"Tutorial paso a paso para configurar Jupyter Notebook y empezar a trabajar con Celery en python. Recordá revisar la documentación oficial antes de llevar esto a producción.","python"
"Tutorial paso a paso para configurar Artisan CLI y empezar a trabajar con CodeIgniter en php.","php"
"Paso 1: instalar Poetry. Paso 2: configurar FastAPI. Paso 3: probar context managers con un ejemplo mínimo. Recordá revisar la documentación oficial antes de llevar esto a producción.","python"
"Hoy vamos a explorar la JVM en java, un tema que genera muchas dudas entre desarrolladores junior.","java"
"Guía rápida: cómo implementar layouts XML en Firebase en menos de 10 minutos. Este enfoque también aplica si estás trabajando con Firebase Console.","android"
"Curso intensivo de python: dominá Celery y generadores en pocas semanas, con ejercicios evaluados automáticamente.","python"
"Clase 12: análisis de datos con pandas paso a paso, incluye desafíos de código y un proyecto integrador final en FastAPI. Al finalizar el módulo recibirás un certificado y accederás a ejercicios adicionales de análisis de datos con pandas.","python"
"me tira error raro con Select2, creo que es tema de versiones de CDN de jQuery, googlear despues -- ver video de youtube que recomendó un compañero sobre selectores $()","jquery"
"me tira error raro con WordPress, creo que es tema de versiones de XAMPP, googlear despues","php"
"Clase 11: diseño de interfaces con Compose paso a paso, incluye desafíos de código y un proyecto integrador final en LiveData.","android"
"En este post analizamos las novedades de jQuery UI y cómo afecta a los proyectos de jquery en producción. Además incluimos un mini benchmark comparando chaining de métodos contra el enfoque tradicional.","jquery"
"pendiente: terminar el tp de android usando Kotlin Coroutines, me falta la parte de layouts XML","android"
"Curso intensivo de java: dominá JUnit y interfaces funcionales en pocas semanas, con ejercicios evaluados automáticamente.","java"
"apunte: PDO en php es re confuso, preguntarle al profe en la próxima clase","php"
"Guía rápida: cómo implementar herencia en Spring Data JPA en menos de 10 minutos.","java"
"apunte: RAII en c++ es re confuso, preguntarle al profe en la próxima clase","c++"
"me tira error raro con NumPy, creo que es tema de versiones de Poetry, googlear despues","python"
"repasar el patrón singleton para el parcial de java, no entendí bien el ejemplo de la clase","java"
"Aprendé a construir aplicaciones reales de javascript combinando Nest.js con buenas prácticas de callbacks.","javascript"
"Aprendé a construir aplicaciones reales de jquery combinando DataTables con buenas prácticas de animate(). Al finalizar el módulo recibirás un certificado y accederás a ejercicios adicionales de validación de formularios.","jquery"
"Guía rápida: cómo implementar templates en Qt en menos de 10 minutos.","c++"
"Este módulo documenta el uso correcto de inyección de dependencias dentro del framework Spring Data JPA, incluyendo parámetros opcionales. Consulte la referencia oficial para más detalles sobre la configuración de Gradle.","java"
"Curso intensivo de javascript: dominá Vue y promesas en pocas semanas, con ejercicios evaluados automáticamente.","javascript"
"Nota: al utilizar meta tags en html, se recomienda validar los tipos de entrada antes de invocar el método principal.","html"
"todavia no me cierra como funciona layouts XML, hice un ejemplo copado pero se rompe con datos reales","android"
"Nota: al utilizar interfaces en php, se recomienda validar los tipos de entrada antes de invocar el método principal. Este comportamiento puede cambiar en versiones futuras de Symfony, revisar el changelog.","php"
"Cheat sheet de Bootstrap con jQuery: los comandos y conceptos de plugins que más vas a usar en el día a día. Recordá revisar la documentación oficial antes de llevar esto a producción. Este enfoque también aplica si estás trabajando con Chrome DevTools.","jquery"
"Una guía práctica sobre desarrollo de APIs con FastAPI usando FastAPI, con ejemplos de código y errores comunes a evitar.","python"
"repasar genéricos para el parcial de java, no entendí bien el ejemplo de la clase","java"
"Nota: al utilizar chaining de métodos en jquery, se recomienda validar los tipos de entrada antes de invocar el método principal. Este comportamiento puede cambiar en versiones futuras de Select2, revisar el changelog.","jquery"
"En esta unidad profundizamos en concurrencia con threads utilizando Spring Data JPA, ideal para quienes ya conocen lo básico de java. Al finalizar el módulo recibirás un certificado y accederás a ejercicios adicionales de concurrencia con threads.","java"
"La funcionalidad traits en Slim Framework permite declarar componentes sin necesidad de configuración adicional.","php"
"Tutorial paso a paso para configurar Artisan CLI y empezar a trabajar con CodeIgniter en php. Recordá revisar la documentación oficial antes de llevar esto a producción.","php"
"ASP.NET Core expone una API que facilita el uso de async/await, siempre que el entorno esté configurado con NuGet. Consulte la referencia oficial para más detalles sobre la configuración de NuGet.","c#"
"Paso 1: instalar npm. Paso 2: configurar jQuery Mobile. Paso 3: probar AJAX con un ejemplo mínimo.","jquery"
"Nota: al utilizar sobrecarga de operadores en c++, se recomienda validar los tipos de entrada antes de invocar el método principal.","c++"
"La funcionalidad el método .ready() en DataTables permite declarar componentes sin necesidad de configuración adicional.","jquery"
"CSS Grid expone una API que facilita el uso de formularios, siempre que el entorno esté configurado con Figma. Consulte la referencia oficial para más detalles sobre la configuración de Figma.","html"
"Guía rápida: cómo implementar polimorfismo en Maven en menos de 10 minutos.","java"
"Cheat sheet de Bulma: los comandos y conceptos de responsive design que más vas a usar en el día a día. Recordá revisar la documentación oficial antes de llevar esto a producción. Este enfoque también aplica si estás trabajando con Lighthouse.","html"
"no me anda el patrón singleton en Spring Boot, capaz que me falta instalar Maven, revisar mañana","java"
"Nota: al utilizar plugins en jquery, se recomienda validar los tipos de entrada antes de invocar el método principal. Consulte la referencia oficial para más detalles sobre la configuración de CDN de jQuery. Este comportamiento puede cambiar en versiones futuras de jQuery UI, revisar el changelog.","jquery"
"La clase principal de React implementa el DOM virtual internamente para optimizar el ciclo de vida del componente. Consulte la referencia oficial para más detalles sobre la configuración de pnpm. Este comportamiento puede cambiar en versiones futuras de React, revisar el changelog.","javascript"
"La funcionalidad el GIL en Flask permite declarar componentes sin necesidad de configuración adicional. Consulte la referencia oficial para más detalles sobre la configuración de conda.","python"
"no me anda el GIL en Flask, capaz que me falta instalar pip, revisar mañana","python"
"Una guía práctica sobre peticiones AJAX usando Select2, con ejemplos de código y errores comunes a evitar. Veremos también cómo se integra con CDN de jQuery en un pipeline de deploy real. Además incluimos un mini benchmark comparando event handlers contra el enfoque tradicional.","jquery"
"Nota: al utilizar selectores $() en jquery, se recomienda validar los tipos de entrada antes de invocar el método principal. Consulte la referencia oficial para más detalles sobre la configuración de npm.","jquery"
"Este módulo documenta el uso correcto de el AndroidManifest dentro del framework Kotlin Coroutines, incluyendo parámetros opcionales. Consulte la referencia oficial para más detalles sobre la configuración de Genymotion.","android"
"apunte: generadores en python es re confuso, preguntarle al profe en la próxima clase","python"
"Curso intensivo de python: dominá SQLAlchemy y context managers en pocas semanas, con ejercicios evaluados automáticamente.","python"
"Tutorial paso a paso para configurar Azure DevOps y empezar a trabajar con ASP.NET Core en c#.","c#"
"todavia no me cierra como funciona Intents, hice un ejemplo copado pero se rompe con datos reales","android"
"repasar namespaces para el parcial de c++, no entendí bien el ejemplo de la clase -- ver video de youtube que recomendó un compañero sobre namespaces","c++"
"Paso 1: instalar IntelliJ IDEA. Paso 2: configurar Spring MVC. Paso 3: probar interfaces funcionales con un ejemplo mínimo. Este enfoque también aplica si estás trabajando con IntelliJ IDEA.","java"
"me tira error raro con Bootstrap, creo que es tema de versiones de VS Code, googlear despues","html"
"repasar etiquetas semánticas para el parcial de html, no entendí bien el ejemplo de la clase -- ver video de youtube que recomendó un compañero sobre etiquetas semánticas","html"
"En este post analizamos las novedades de DataTables y cómo afecta a los proyectos de jquery en producción.","jquery"
"Guía rápida: cómo implementar eventos en Entity Framework en menos de 10 minutos.","c#"
"Referencia rápida de interfaces funcionales: sintaxis básica, ejemplos y errores comunes en java. Recordá revisar la documentación oficial antes de llevar esto a producción.","java"
"¿Vale la pena migrar a SQLAlchemy en 2026? Repasamos ventajas, desventajas y casos de uso reales para despliegue con Docker.","python"
"Una guía práctica sobre automatización de tareas usando FastAPI, con ejemplos de código y errores comunes a evitar. Veremos también cómo se integra con PyCharm en un pipeline de deploy real. Además incluimos un mini benchmark comparando generadores contra el enfoque tradicional.","python"
"Guía rápida: cómo implementar decoradores en FastAPI en menos de 10 minutos. Recordá revisar la documentación oficial antes de llevar esto a producción.","python"
"pendiente: terminar el tp de php usando WordPress, me falta la parte de interfaces","php"
"tip del profe: usar Android Studio para debuggear Firebase, ahorra un montón de tiempo -- ver video de youtube que recomendó un compañero sobre Fragments","android"
"repasar useState para el parcial de javascript, no entendí bien el ejemplo de la clase -- ver video de youtube que recomendó un compañero sobre useState","javascript"
"Clase 7: optimización SEO paso a paso, incluye desafíos de código y un proyecto integrador final en CSS Grid. Al finalizar el módulo recibirás un certificado y accederás a ejercicios adicionales de optimización SEO.","html"
"¿Vale la pena migrar a Boost en 2026? Repasamos ventajas, desventajas y casos de uso reales para gestión manual de memoria. Veremos también cómo se integra con GDB en un pipeline de deploy real. Además incluimos un mini benchmark comparando RAII contra el enfoque tradicional.","c++"
"Tutorial paso a paso para configurar NuGet y empezar a trabajar con MVVM en c#. Este enfoque también aplica si estás trabajando con dotnet CLI.","c#"
"Clase 3: optimización SEO paso a paso, incluye desafíos de código y un proyecto integrador final en Flexbox.","html"
"apunte: useState en javascript es re confuso, preguntarle al profe en la próxima clase","javascript"
"Aprendé a construir aplicaciones reales de php combinando Slim Framework con buenas prácticas de closures.","php"
"Aprendé a construir aplicaciones reales de html combinando Flexbox con buenas prácticas de el DOM.","html"
"Referencia rápida de namespaces: sintaxis básica, ejemplos y errores comunes en c++. Este enfoque también aplica si estás trabajando con Makefile.","c++"
"La funcionalidad smart pointers en CMake permite declarar componentes sin necesidad de configuración adicional.","c++"
"En este post analizamos las novedades de .NET Core y cómo afecta a los proyectos de c# en producción.","c#"
"La funcionalidad memoria dinámica en CMake permite declarar componentes sin necesidad de configuración adicional. Consulte la referencia oficial para más detalles sobre la configuración de g++.","c++"
"CMake expone una API que facilita el uso de memoria dinámica, siempre que el entorno esté configurado con Visual Studio. Consulte la referencia oficial para más detalles sobre la configuración de Visual Studio.","c++"
"Nota: al utilizar namespaces en php, se recomienda validar los tipos de entrada antes de invocar el método principal.","php"
"La clase principal de Flexbox implementa accesibilidad (a11y) internamente para optimizar el ciclo de vida del componente.","html"
"Cheat sheet de jQuery Mobile: los comandos y conceptos de manipulación del DOM que más vas a usar en el día a día. Recordá revisar la documentación oficial antes de llevar esto a producción. Este enfoque también aplica si estás trabajando con Chrome DevTools.","jquery"
"¿Vale la pena migrar a Firebase en 2026? Repasamos ventajas, desventajas y casos de uso reales para persistencia local con Room. Veremos también cómo se integra con Android Studio en un pipeline de deploy real. Además incluimos un mini benchmark comparando layouts XML contra el enfoque tradicional.","android"
"La funcionalidad memoria dinámica en Qt permite declarar componentes sin necesidad de configuración adicional. Consulte la referencia oficial para más detalles sobre la configuración de g++.","c++"
"Clase 11: plugins personalizados paso a paso, incluye desafíos de código y un proyecto integrador final en jQuery UI. Al finalizar el módulo recibirás un certificado y accederás a ejercicios adicionales de plugins personalizados.","jquery"
"Nota: al utilizar LINQ en c#, se recomienda validar los tipos de entrada antes de invocar el método principal. Consulte la referencia oficial para más detalles sobre la configuración de Azure DevOps. Este comportamiento puede cambiar en versiones futuras de MVVM, revisar el changelog.","c#"
"En este post analizamos las novedades de jQuery Mobile y cómo afecta a los proyectos de jquery en producción. Veremos también cómo se integra con npm en un pipeline de deploy real. Además incluimos un mini benchmark comparando plugins contra el enfoque tradicional.","jquery"
"todavia no me cierra como funciona type hints, hice un ejemplo copado pero se rompe con datos reales","python"
"Este módulo documenta el uso correcto de useState dentro del framework Express, incluyendo parámetros opcionales.","javascript"
"Comparamos Retrofit contra otras alternativas del ecosistema android, enfocándonos en publicación en Google Play y rendimiento. Veremos también cómo se integra con Gradle en un pipeline de deploy real. Además incluimos un mini benchmark comparando el ciclo de vida contra el enfoque tradicional.","android"
"Aprendé a construir aplicaciones reales de html combinando CSS Grid con buenas prácticas de atributos ARIA.","html"
"La funcionalidad traits en Laravel permite declarar componentes sin necesidad de configuración adicional.","php"
"Curso intensivo de c++: dominá Qt y sobrecarga de operadores en pocas semanas, con ejercicios evaluados automáticamente. Al finalizar el módulo recibirás un certificado y accederás a ejercicios adicionales de punteros inteligentes.","c++"
"repasar SEO on-page para el parcial de html, no entendí bien el ejemplo de la clase -- ver video de youtube que recomendó un compañero sobre SEO on-page","html"
"tip del profe: usar Eclipse para debuggear Hibernate, ahorra un montón de tiempo","java"
"Referencia rápida de type hints: sintaxis básica, ejemplos y errores comunes en python. Recordá revisar la documentación oficial antes de llevar esto a producción.","python"
"Clase 7: autenticación con Identity paso a paso, incluye desafíos de código y un proyecto integrador final en Entity Framework.","c#"
"La clase principal de Flexbox implementa el DOM internamente para optimizar el ciclo de vida del componente. Este comportamiento puede cambiar en versiones futuras de Flexbox, revisar el changelog.","html"
"Paso 1: instalar phpMyAdmin. Paso 2: configurar Composer. Paso 3: probar closures con un ejemplo mínimo. Recordá revisar la documentación oficial antes de llevar esto a producción.","php"
"Paso 1: instalar g++. Paso 2: configurar Boost. Paso 3: probar RAII con un ejemplo mínimo. Recordá revisar la documentación oficial antes de llevar esto a producción.","c++"
"Nota: al utilizar propiedades en c#, se recomienda validar los tipos de entrada antes de invocar el método principal.","c#"
"Módulo 1: Aprende a dominar RecyclerView en LiveData desde cero, con proyectos prácticos aplicados a consumo de APIs con Retrofit.","android"
"Paso 1: instalar Valgrind. Paso 2: configurar OpenCV. Paso 3: probar namespaces con un ejemplo mínimo. Recordá revisar la documentación oficial antes de llevar esto a producción.","c++"
"me tira error raro con Svelte, creo que es tema de versiones de Vite, googlear despues -- ver video de youtube que recomendó un compañero sobre callbacks","javascript"
"En este post analizamos las novedades de Symfony y cómo afecta a los proyectos de php en producción. Veremos también cómo se integra con Composer en un pipeline de deploy real. Además incluimos un mini benchmark comparando middlewares contra el enfoque tradicional.","php"
"La funcionalidad list comprehension en Pandas permite declarar componentes sin necesidad de configuración adicional.","python"
"Aprendé a construir aplicaciones reales de html combinando Flexbox con buenas prácticas de SEO on-page.","html"
"La clase principal de Room implementa layouts XML internamente para optimizar el ciclo de vida del componente. Consulte la referencia oficial para más detalles sobre la configuración de Firebase Console.","android"
"repasar layouts XML para el parcial de android, no entendí bien el ejemplo de la clase -- ver video de youtube que recomendó un compañero sobre layouts XML","android"
"Cheat sheet de Android Studio: los comandos y conceptos de permisos en runtime que más vas a usar en el día a día. Este enfoque también aplica si estás trabajando con Genymotion.","android"
"Paso 1: instalar Makefile. Paso 2: configurar CMake. Paso 3: probar RAII con un ejemplo mínimo.","c++"
"tip del profe: usar PHPUnit para debuggear Slim Framework, ahorra un montón de tiempo","php"
"apunte: manipulación del DOM en jquery es re confuso, preguntarle al profe en la próxima clase","jquery"
"no me anda closures en Next.js, capaz que me falta instalar pnpm, revisar mañana -- ver video de youtube que recomendó un compañero sobre closures","javascript"
"repasar atributos ARIA para el parcial de html, no entendí bien el ejemplo de la clase","html"
"Guía rápida: cómo implementar animate() en Select2 en menos de 10 minutos.","jquery"
"Hoy vamos a explorar PDO en php, un tema que genera muchas dudas entre desarrolladores junior. Veremos también cómo se integra con PHPUnit en un pipeline de deploy real.","php"
"Cheat sheet de WPF: los comandos y conceptos de eventos que más vas a usar en el día a día. Recordá revisar la documentación oficial antes de llevar esto a producción.","c#"
"En este post analizamos las novedades de Tailwind CSS y cómo afecta a los proyectos de html en producción.","html"
"tip del profe: usar Valgrind para debuggear Boost, ahorra un montón de tiempo -- ver video de youtube que recomendó un compañero sobre referencias","c++"
"Curso intensivo de javascript: dominá Vue y el DOM virtual en pocas semanas, con ejercicios evaluados automáticamente. Al finalizar el módulo recibirás un certificado y accederás a ejercicios adicionales de enrutamiento (routing).","javascript"
"Una guía práctica sobre conexión a bases de datos con PDO usando Eloquent ORM, con ejemplos de código y errores comunes a evitar. Además incluimos un mini benchmark comparando middlewares contra el enfoque tradicional.","php"
"no me anda SEO on-page en Bootstrap, capaz que me falta instalar VS Code, revisar mañana","html"
"La clase principal de STL implementa namespaces internamente para optimizar el ciclo de vida del componente. Consulte la referencia oficial para más detalles sobre la configuración de Visual Studio.","c++"
"Este módulo documenta el uso correcto de templates dentro del framework Boost, incluyendo parámetros opcionales. Consulte la referencia oficial para más detalles sobre la configuración de Makefile. Este comportamiento puede cambiar en versiones futuras de Boost, revisar el changelog.","c++"
"Cheat sheet de Xamarin: los comandos y conceptos de nullable reference types que más vas a usar en el día a día.","c#"
"Celery expone una API que facilita el uso de list comprehension, siempre que el entorno esté configurado con pip.","python"
"no me anda generadores en Pytest, capaz que me falta instalar PyCharm, revisar mañana -- ver video de youtube que recomendó un compañero sobre generadores","python"
"En este post analizamos las novedades de Express y cómo afecta a los proyectos de javascript en producción.","javascript"
"¿Vale la pena migrar a Select2 en 2026? Repasamos ventajas, desventajas y casos de uso reales para compatibilidad entre navegadores. Además incluimos un mini benchmark comparando chaining de métodos contra el enfoque tradicional.","jquery"
"Nota: al utilizar selectores $() en jquery, se recomienda validar los tipos de entrada antes de invocar el método principal. Consulte la referencia oficial para más detalles sobre la configuración de npm. Este comportamiento puede cambiar en versiones futuras de jQuery UI, revisar el changelog.","jquery"
"Paso 1: instalar VS Code. Paso 2: configurar Bulma. Paso 3: probar atributos ARIA con un ejemplo mínimo. Este enfoque también aplica si estás trabajando con Figma.","html"
"Referencia rápida de list comprehension: sintaxis básica, ejemplos y errores comunes en python.","python"
"La funcionalidad async/await en React permite declarar componentes sin necesidad de configuración adicional. Este comportamiento puede cambiar en versiones futuras de React, revisar el changelog.","javascript"
"Hoy vamos a explorar memoria dinámica en c++, un tema que genera muchas dudas entre desarrolladores junior.","c++"
"Referencia rápida de el método .ready(): sintaxis básica, ejemplos y errores comunes en jquery.","jquery"
"¿Vale la pena migrar a jQuery UI en 2026? Repasamos ventajas, desventajas y casos de uso reales para peticiones AJAX. Además incluimos un mini benchmark comparando event handlers contra el enfoque tradicional.","jquery"
"pendiente: terminar el tp de jquery usando Bootstrap con jQuery, me falta la parte de animate()","jquery"
"En esta unidad profundizamos en testing con xUnit utilizando WPF, ideal para quienes ya conocen lo básico de c#.","c#"
"La clase principal de SQLAlchemy implementa entornos virtuales internamente para optimizar el ciclo de vida del componente. Consulte la referencia oficial para más detalles sobre la configuración de Poetry. Este comportamiento puede cambiar en versiones futuras de SQLAlchemy, revisar el changelog.","python"
"La clase principal de OpenCV implementa la stack y el heap internamente para optimizar el ciclo de vida del componente. Consulte la referencia oficial para más detalles sobre la configuración de Makefile.","c++"
"no me anda plugins en Select2, capaz que me falta instalar npm, revisar mañana","jquery"
"Guía rápida: cómo implementar la JVM en Hibernate en menos de 10 minutos. Recordá revisar la documentación oficial antes de llevar esto a producción.","java"
"Curso intensivo de java: dominá Gradle y genéricos en pocas semanas, con ejercicios evaluados automáticamente. Al finalizar el módulo recibirás un certificado y accederás a ejercicios adicionales de persistencia con JPA.","java"
"Clase 1: estructura semántica paso a paso, incluye desafíos de código y un proyecto integrador final en Bulma. Al finalizar el módulo recibirás un certificado y accederás a ejercicios adicionales de estructura semántica.","html"
"Pytest expone una API que facilita el uso de list comprehension, siempre que el entorno esté configurado con pip.","python"
"¿Vale la pena migrar a Bulma en 2026? Repasamos ventajas, desventajas y casos de uso reales para optimización SEO.","html"
"En este post analizamos las novedades de Room y cómo afecta a los proyectos de android en producción. Veremos también cómo se integra con Genymotion en un pipeline de deploy real.","android"
"pendiente: terminar el tp de jquery usando jQuery Mobile, me falta la parte de event handlers -- ver video de youtube que recomendó un compañero sobre event handlers","jquery"
"La clase principal de Bulma implementa accesibilidad (a11y) internamente para optimizar el ciclo de vida del componente.","html"
"En esta unidad profundizamos en diseño con Flexbox y Grid utilizando Bulma, ideal para quienes ya conocen lo básico de html.","html"
"Clase 2: persistencia con JPA paso a paso, incluye desafíos de código y un proyecto integrador final en Gradle. Al finalizar el módulo recibirás un certificado y accederás a ejercicios adicionales de persistencia con JPA.","java"
"¿Vale la pena migrar a Vue en 2026? Repasamos ventajas, desventajas y casos de uso reales para optimización del bundle. Veremos también cómo se integra con ESLint en un pipeline de deploy real.","javascript"
"En este post analizamos las novedades de Angular y cómo afecta a los proyectos de javascript en producción. Veremos también cómo se integra con ESLint en un pipeline de deploy real. Además incluimos un mini benchmark comparando módulos ES6 contra el enfoque tradicional.","javascript"
"Cheat sheet de Spring Data JPA: los comandos y conceptos de herencia que más vas a usar en el día a día. Recordá revisar la documentación oficial antes de llevar esto a producción.","java"
"Firebase expone una API que facilita el uso de layouts XML, siempre que el entorno esté configurado con Genymotion. Consulte la referencia oficial para más detalles sobre la configuración de Genymotion.","android"
"no me anda closures en Next.js, capaz que me falta instalar Vite, revisar mañana -- ver video de youtube que recomendó un compañero sobre closures","javascript"
"Aprendé a construir aplicaciones reales de html combinando Bootstrap con buenas prácticas de el DOM.","html"
"En este post analizamos las novedades de Gradle y cómo afecta a los proyectos de java en producción.","java"
"todavia no me cierra como funciona PDO, hice un ejemplo copado pero se rompe con datos reales","php"
"Cheat sheet de Node.js: los comandos y conceptos de closures que más vas a usar en el día a día.","javascript"
"no me anda animate() en Bootstrap con jQuery, capaz que me falta instalar npm, revisar mañana","jquery"
"La funcionalidad plugins en jQuery UI permite declarar componentes sin necesidad de configuración adicional.","jquery"
"Clase 3: concurrencia con threads paso a paso, incluye desafíos de código y un proyecto integrador final en Jakarta EE.","java"
"Aprendé a construir aplicaciones reales de android combinando Retrofit con buenas prácticas de RecyclerView.","android"
"Guía rápida: cómo implementar el ciclo de vida en Android Studio en menos de 10 minutos.","android"
"no me anda event loop en Nest.js, capaz que me falta instalar npm, revisar mañana","javascript"
"Paso 1: instalar Figma. Paso 2: configurar Bulma. Paso 3: probar responsive design con un ejemplo mínimo.","html"
"Comparamos jQuery Mobile contra otras alternativas del ecosistema jquery, enfocándonos en manipulación dinámica del DOM y rendimiento.","jquery"
"Clase 9: seguridad con Spring Security paso a paso, incluye desafíos de código y un proyecto integrador final en Spring Data JPA.","java"
"me tira error raro con SQLAlchemy, creo que es tema de versiones de pip, googlear despues","python"
"repasar layouts XML para el parcial de android, no entendí bien el ejemplo de la clase","android"
"Hoy vamos a explorar AJAX en jquery, un tema que genera muchas dudas entre desarrolladores junior. Veremos también cómo se integra con CDN de jQuery en un pipeline de deploy real.","jquery"
"Este módulo documenta el uso correcto de Fragments dentro del framework Android Studio, incluyendo parámetros opcionales. Consulte la referencia oficial para más detalles sobre la configuración de Genymotion.","android"
"Hoy vamos a explorar arrow functions en javascript, un tema que genera muchas dudas entre desarrolladores junior.","javascript"
"En esta unidad profundizamos en plugins personalizados utilizando jQuery UI, ideal para quienes ya conocen lo básico de jquery. Al finalizar el módulo recibirás un certificado y accederás a ejercicios adicionales de plugins personalizados.","jquery"
"Este módulo documenta el uso correcto de chaining de métodos dentro del framework Bootstrap con jQuery, incluyendo parámetros opcionales. Consulte la referencia oficial para más detalles sobre la configuración de npm.","jquery"
"Clase 3: manipulación dinámica del DOM paso a paso, incluye desafíos de código y un proyecto integrador final en jQuery UI. Al finalizar el módulo recibirás un certificado y accederás a ejercicios adicionales de manipulación dinámica del DOM.","jquery"
"me tira error raro con CSS Grid, creo que es tema de versiones de Lighthouse, googlear despues","html"
"Una guía práctica sobre peticiones AJAX usando Bootstrap con jQuery, con ejemplos de código y errores comunes a evitar. Veremos también cómo se integra con Chrome DevTools en un pipeline de deploy real. Además incluimos un mini benchmark comparando chaining de métodos contra el enfoque tradicional.","jquery"
"Tutorial paso a paso para configurar dotnet CLI y empezar a trabajar con Entity Framework en c#. Recordá revisar la documentación oficial antes de llevar esto a producción.","c#"
"pendiente: terminar el tp de python usando Flask, me falta la parte de el GIL -- ver video de youtube que recomendó un compañero sobre el GIL","python"
"Comparamos Tailwind CSS contra otras alternativas del ecosistema html, enfocándonos en optimización SEO y rendimiento. Además incluimos un mini benchmark comparando responsive design contra el enfoque tradicional.","html"
"Una guía práctica sobre programación orientada a objetos usando OpenCV, con ejemplos de código y errores comunes a evitar.","c++"
"Comparamos Celery contra otras alternativas del ecosistema python, enfocándonos en web scraping y rendimiento. Veremos también cómo se integra con Jupyter Notebook en un pipeline de deploy real.","python"
"Hoy vamos a explorar list comprehension en python, un tema que genera muchas dudas entre desarrolladores junior. Veremos también cómo se integra con Poetry en un pipeline de deploy real.","python"
"Módulo 10: Aprende a dominar PDO en WordPress desde cero, con proyectos prácticos aplicados a autenticación de usuarios. Al finalizar el módulo recibirás un certificado y accederás a ejercicios adicionales de autenticación de usuarios.","php"
"Eloquent ORM expone una API que facilita el uso de traits, siempre que el entorno esté configurado con Artisan CLI. Consulte la referencia oficial para más detalles sobre la configuración de Artisan CLI.","php"
"En esta unidad profundizamos en conexión a bases de datos con PDO utilizando Laravel, ideal para quienes ya conocen lo básico de php.","php"
"Una guía práctica sobre persistencia local con Room usando Firebase, con ejemplos de código y errores comunes a evitar.","android"
"Paso 1: instalar Visual Studio. Paso 2: configurar Blazor. Paso 3: probar delegados con un ejemplo mínimo. Este enfoque también aplica si estás trabajando con Visual Studio.","c#"
"tip del profe: usar Figma para debuggear Bulma, ahorra un montón de tiempo","html"
"Aprendé a construir aplicaciones reales de android combinando LiveData con buenas prácticas de el ciclo de vida.","android"
"Una guía práctica sobre programación orientada a objetos usando Boost, con ejemplos de código y errores comunes a evitar.","c++"
"¿Vale la pena migrar a jQuery Mobile en 2026? Repasamos ventajas, desventajas y casos de uso reales para compatibilidad entre navegadores. Veremos también cómo se integra con npm en un pipeline de deploy real.","jquery"
"La funcionalidad PDO en Eloquent ORM permite declarar componentes sin necesidad de configuración adicional.","php"
"Pandas expone una API que facilita el uso de dataclasses, siempre que el entorno esté configurado con PyCharm. Este comportamiento puede cambiar en versiones futuras de Pandas, revisar el changelog.","python"
"Referencia rápida de props: sintaxis básica, ejemplos y errores comunes en javascript.","javascript"
"Cheat sheet de WPF: los comandos y conceptos de eventos que más vas a usar en el día a día.","c#"
"Tutorial paso a paso para configurar Figma y empezar a trabajar con Bulma en html. Este enfoque también aplica si estás trabajando con Lighthouse.","html"
"pendiente: terminar el tp de php usando Slim Framework, me falta la parte de programación orientada a objetos","php"
"Comparamos Hibernate contra otras alternativas del ecosistema java, enfocándonos en seguridad con Spring Security y rendimiento. Veremos también cómo se integra con IntelliJ IDEA en un pipeline de deploy real. Además incluimos un mini benchmark comparando anotaciones contra el enfoque tradicional.","java"
"pendiente: terminar el tp de android usando Android Studio, me falta la parte de Intents","android"
"La funcionalidad formularios en Tailwind CSS permite declarar componentes sin necesidad de configuración adicional. Consulte la referencia oficial para más detalles sobre la configuración de VS Code.","html"
"En este post analizamos las novedades de ViewModel y cómo afecta a los proyectos de android en producción. Además incluimos un mini benchmark comparando layouts XML contra el enfoque tradicional.","android"
"Tutorial paso a paso para configurar yarn y empezar a trabajar con React en javascript. Recordá revisar la documentación oficial antes de llevar esto a producción. Este enfoque también aplica si estás trabajando con Vite.","javascript"
"tip del profe: usar Visual Studio para debuggear STL, ahorra un montón de tiempo","c++"
"Referencia rápida de propiedades: sintaxis básica, ejemplos y errores comunes en c#.","c#"
"Una guía práctica sobre autenticación con Identity usando Xamarin, con ejemplos de código y errores comunes a evitar. Además incluimos un mini benchmark comparando nullable reference types contra el enfoque tradicional.","c#"
"Tutorial paso a paso para configurar Maven y empezar a trabajar con Jakarta EE en java.","java"
"La funcionalidad el autoloading en Laravel permite declarar componentes sin necesidad de configuración adicional. Este comportamiento puede cambiar en versiones futuras de Laravel, revisar el changelog.","php"
"En este post analizamos las novedades de Entity Framework y cómo afecta a los proyectos de c# en producción. Además incluimos un mini benchmark comparando propiedades contra el enfoque tradicional.","c#"
"Una guía práctica sobre testing con Jest usando Svelte, con ejemplos de código y errores comunes a evitar. Veremos también cómo se integra con npm en un pipeline de deploy real. Además incluimos un mini benchmark comparando el DOM virtual contra el enfoque tradicional.","javascript"
"CodeIgniter expone una API que facilita el uso de middlewares, siempre que el entorno esté configurado con PHPUnit. Este comportamiento puede cambiar en versiones futuras de CodeIgniter, revisar el changelog.","php"
"Una guía práctica sobre análisis de datos con pandas usando Pandas, con ejemplos de código y errores comunes a evitar. Además incluimos un mini benchmark comparando list comprehension contra el enfoque tradicional.","python"
"¿Vale la pena migrar a ViewModel en 2026? Repasamos ventajas, desventajas y casos de uso reales para notificaciones push.","android"
"Comparamos SQLAlchemy contra otras alternativas del ecosistema python, enfocándonos en web scraping y rendimiento. Veremos también cómo se integra con Poetry en un pipeline de deploy real.","python"
"Paso 1: instalar Tomcat. Paso 2: configurar Maven. Paso 3: probar herencia con un ejemplo mínimo.","java"
"Paso 1: instalar CDN de jQuery. Paso 2: configurar DataTables. Paso 3: probar animate() con un ejemplo mínimo.","jquery"
"apunte: middlewares en php es re confuso, preguntarle al profe en la próxima clase -- ver video de youtube que recomendó un compañero sobre middlewares","php"
"pendiente: terminar el tp de c++ usando STL, me falta la parte de smart pointers","c++"
"Nota: al utilizar el garbage collector en java, se recomienda validar los tipos de entrada antes de invocar el método principal.","java"
"Este módulo documenta el uso correcto de streams dentro del framework JUnit, incluyendo parámetros opcionales.","java"
"Clase 9: APIs RESTful paso a paso, incluye desafíos de código y un proyecto integrador final en CodeIgniter.","php"
"Tutorial paso a paso para configurar dotnet CLI y empezar a trabajar con .NET Core en c#. Este enfoque también aplica si estás trabajando con NuGet.","c#"
"Aprendé a construir aplicaciones reales de android combinando Room con buenas prácticas de permisos en runtime. Al finalizar el módulo recibirás un certificado y accederás a ejercicios adicionales de publicación en Google Play.","android"
"En este post analizamos las novedades de Eloquent ORM y cómo afecta a los proyectos de php en producción. Veremos también cómo se integra con XAMPP en un pipeline de deploy real.","php"
"Curso intensivo de android: dominá Android Studio y RecyclerView en pocas semanas, con ejercicios evaluados automáticamente.","android"
"tip del profe: usar Lighthouse para debuggear Tailwind CSS, ahorra un montón de tiempo","html"
"Guía rápida: cómo implementar decoradores en Django en menos de 10 minutos. Recordá revisar la documentación oficial antes de llevar esto a producción.","python"
"pendiente: terminar el tp de android usando Kotlin Coroutines, me falta la parte de Activities -- ver video de youtube que recomendó un compañero sobre Activities","android"
"pendiente: terminar el tp de android usando LiveData, me falta la parte de layouts XML","android"
"Aprendé a construir aplicaciones reales de python combinando Pytest con buenas prácticas de context managers. Al finalizar el módulo recibirás un certificado y accederás a ejercicios adicionales de procesamiento de datos con NumPy.","python"
"Este módulo documenta el uso correcto de event handlers dentro del framework DataTables, incluyendo parámetros opcionales. Este comportamiento puede cambiar en versiones futuras de DataTables, revisar el changelog.","jquery"
"Clase 7: testing con xUnit paso a paso, incluye desafíos de código y un proyecto integrador final en .NET Core.","c#"
"pendiente: terminar el tp de c++ usando Boost, me falta la parte de la stack y el heap -- ver video de youtube que recomendó un compañero sobre la stack y el heap","c++"
"Curso intensivo de android: dominá Kotlin Coroutines y Activities en pocas semanas, con ejercicios evaluados automáticamente.","android"
"repasar event handlers para el parcial de jquery, no entendí bien el ejemplo de la clase -- ver video de youtube que recomendó un compañero sobre event handlers","jquery"
"tip del profe: usar Genymotion para debuggear Android Studio, ahorra un montón de tiempo -- ver video de youtube que recomendó un compañero sobre el AndroidManifest","android"
"Curso intensivo de c++: dominá Boost y namespaces en pocas semanas, con ejercicios evaluados automáticamente.","c++"
"pendiente: terminar el tp de c++ usando Boost, me falta la parte de sobrecarga de operadores","c++"
"todavia no me cierra como funciona templates, hice un ejemplo copado pero se rompe con datos reales","c++"
"Referencia rápida de entornos virtuales: sintaxis básica, ejemplos y errores comunes en python.","python"
"pendiente: terminar el tp de c# usando Blazor, me falta la parte de records","c#"
"me tira error raro con Symfony, creo que es tema de versiones de Artisan CLI, googlear despues","php"
"Aprendé a construir aplicaciones reales de c# combinando Blazor con buenas prácticas de interfaces. Al finalizar el módulo recibirás un certificado y accederás a ejercicios adicionales de desarrollo de APIs REST.","c#"
"Clase 2: testing con Jest paso a paso, incluye desafíos de código y un proyecto integrador final en Express.","javascript"
"Clase 10: manejo de estado paso a paso, incluye desafíos de código y un proyecto integrador final en Svelte.","javascript"
"Hoy vamos a explorar destructuring en javascript, un tema que genera muchas dudas entre desarrolladores junior.","javascript"
"Una guía práctica sobre persistencia local con Room usando Kotlin Coroutines, con ejemplos de código y errores comunes a evitar. Veremos también cómo se integra con ADB en un pipeline de deploy real. Además incluimos un mini benchmark comparando RecyclerView contra el enfoque tradicional.","android"
"Nota: al utilizar list comprehension en python, se recomienda validar los tipos de entrada antes de invocar el método principal. Consulte la referencia oficial para más detalles sobre la configuración de Poetry.","python"
"apunte: interfaces en php es re confuso, preguntarle al profe en la próxima clase","php"
"Comparamos JUnit contra otras alternativas del ecosistema java, enfocándonos en persistencia con JPA y rendimiento. Veremos también cómo se integra con Eclipse en un pipeline de deploy real. Además incluimos un mini benchmark comparando genéricos contra el enfoque tradicional.","java"
"Comparamos Symfony contra otras alternativas del ecosistema php, enfocándonos en autenticación de usuarios y rendimiento.","php"
"Paso 1: instalar Azure DevOps. Paso 2: configurar ASP.NET Core. Paso 3: probar interfaces con un ejemplo mínimo. Recordá revisar la documentación oficial antes de llevar esto a producción. Este enfoque también aplica si estás trabajando con NuGet.","c#"
"La clase principal de Bootstrap implementa responsive design internamente para optimizar el ciclo de vida del componente. Consulte la referencia oficial para más detalles sobre la configuración de Figma.","html"
"Tutorial paso a paso para configurar Maven y empezar a trabajar con Spring Boot en java.","java"
"Módulo 8: Aprende a dominar smart pointers en CMake desde cero, con proyectos prácticos aplicados a punteros inteligentes.","c++"
"Guía rápida: cómo implementar SEO on-page en Flexbox en menos de 10 minutos. Este enfoque también aplica si estás trabajando con Figma.","html"
"me tira error raro con Flexbox, creo que es tema de versiones de Lighthouse, googlear despues","html"
"Paso 1: instalar Chrome DevTools. Paso 2: configurar Flexbox. Paso 3: probar responsive design con un ejemplo mínimo.","html"
"no me anda async/await en Angular, capaz que me falta instalar yarn, revisar mañana","javascript"
"Guía rápida: cómo implementar programación orientada a objetos en WordPress en menos de 10 minutos.","php"
"Nota: al utilizar genéricos en java, se recomienda validar los tipos de entrada antes de invocar el método principal.","java"
"La clase principal de CSS Grid implementa meta tags internamente para optimizar el ciclo de vida del componente. Este comportamiento puede cambiar en versiones futuras de CSS Grid, revisar el changelog.","html"
"tip del profe: usar dotnet CLI para debuggear MVVM, ahorra un montón de tiempo","c#"
"apunte: permisos en runtime en android es re confuso, preguntarle al profe en la próxima clase -- ver video de youtube que recomendó un compañero sobre permisos en runtime","android"
"Este módulo documenta el uso correcto de callbacks dentro del framework Angular, incluyendo parámetros opcionales. Consulte la referencia oficial para más detalles sobre la configuración de Babel.","javascript"
"¿Vale la pena migrar a Composer en 2026? Repasamos ventajas, desventajas y casos de uso reales para APIs RESTful.","php"
"¿Vale la pena migrar a WPF en 2026? Repasamos ventajas, desventajas y casos de uso reales para inyección de dependencias. Veremos también cómo se integra con dotnet CLI en un pipeline de deploy real. Además incluimos un mini benchmark comparando LINQ contra el enfoque tradicional.","c#"
"Tutorial paso a paso para configurar XAMPP y empezar a trabajar con Slim Framework en php. Recordá revisar la documentación oficial antes de llevar esto a producción.","php"
"Módulo 5: Aprende a dominar punteros en CMake desde cero, con proyectos prácticos aplicados a optimización de rendimiento. Al finalizar el módulo recibirás un certificado y accederás a ejercicios adicionales de optimización de rendimiento.","c++"
"Svelte expone una API que facilita el uso de props, siempre que el entorno esté configurado con TypeScript.","javascript"
"Clase 3: autenticación con JWT paso a paso, incluye desafíos de código y un proyecto integrador final en Svelte.","javascript"
"Curso intensivo de android: dominá Kotlin Coroutines y el AndroidManifest en pocas semanas, con ejercicios evaluados automáticamente.","android"
"tip del profe: usar NuGet para debuggear ASP.NET Core, ahorra un montón de tiempo","c#"
"Este módulo documenta el uso correcto de event loop dentro del framework Nest.js, incluyendo parámetros opcionales. Consulte la referencia oficial para más detalles sobre la configuración de webpack. Este comportamiento puede cambiar en versiones futuras de Nest.js, revisar el changelog.","javascript"
"Comparamos Hibernate contra otras alternativas del ecosistema java, enfocándonos en concurrencia con threads y rendimiento. Veremos también cómo se integra con Docker en un pipeline de deploy real.","java"
"no me anda el bundler webpack en Angular, capaz que me falta instalar ESLint, revisar mañana -- ver video de youtube que recomendó un compañero sobre el bundler webpack","javascript"
"Cheat sheet de Room: los comandos y conceptos de el ciclo de vida que más vas a usar en el día a día.","android"
"Curso intensivo de jquery: dominá DataTables y animate() en pocas semanas, con ejercicios evaluados automáticamente.","jquery"
"Módulo 3: Aprende a dominar manipulación del DOM en Bootstrap con jQuery desde cero, con proyectos prácticos aplicados a validación de formularios. Al finalizar el módulo recibirás un certificado y accederás a ejercicios adicionales de validación de formularios.","jquery"
"Curso intensivo de c++: dominá STL y smart pointers en pocas semanas, con ejercicios evaluados automáticamente.","c++"
"Clase 5: autenticación con JWT paso a paso, incluye desafíos de código y un proyecto integrador final en Express.","javascript"
"Clase 8: manipulación dinámica del DOM paso a paso, incluye desafíos de código y un proyecto integrador final en Select2.","jquery"
"Curso intensivo de html: dominá Bootstrap y SEO on-page en pocas semanas, con ejercicios evaluados automáticamente.","html"
"En este post analizamos las novedades de Select2 y cómo afecta a los proyectos de jquery en producción. Veremos también cómo se integra con CDN de jQuery en un pipeline de deploy real.","jquery"
"pendiente: terminar el tp de html usando Flexbox, me falta la parte de etiquetas semánticas","html"
"La funcionalidad layouts XML en Firebase permite declarar componentes sin necesidad de configuración adicional. Consulte la referencia oficial para más detalles sobre la configuración de Firebase Console. Este comportamiento puede cambiar en versiones futuras de Firebase, revisar el changelog.","android"
"Hoy vamos a explorar el AndroidManifest en android, un tema que genera muchas dudas entre desarrolladores junior.","android"
"Tutorial paso a paso para configurar pip y empezar a trabajar con Flask en python. Recordá revisar la documentación oficial antes de llevar esto a producción.","python"
"En esta unidad profundizamos en animaciones y efectos utilizando jQuery UI, ideal para quienes ya conocen lo básico de jquery.","jquery"
"Nota: al utilizar el autoloading en php, se recomienda validar los tipos de entrada antes de invocar el método principal. Este comportamiento puede cambiar en versiones futuras de Symfony, revisar el changelog.","php"
"apunte: programación orientada a objetos en php es re confuso, preguntarle al profe en la próxima clase","php"
"Paso 1: instalar Chrome DevTools. Paso 2: configurar Tailwind CSS. Paso 3: probar formularios con un ejemplo mínimo.","html"
"Módulo 9: Aprende a dominar async/await en Svelte desde cero, con proyectos prácticos aplicados a componentes reutilizables. Al finalizar el módulo recibirás un certificado y accederás a ejercicios adicionales de componentes reutilizables.","javascript"
"tip del profe: usar Azure DevOps para debuggear ASP.NET Core, ahorra un montón de tiempo","c#"
"Nota: al utilizar anotaciones en java, se recomienda validar los tipos de entrada antes de invocar el método principal.","java"
"Curso intensivo de jquery: dominá jQuery UI y el método .ready() en pocas semanas, con ejercicios evaluados automáticamente. Al finalizar el módulo recibirás un certificado y accederás a ejercicios adicionales de plugins personalizados.","jquery"
"Una guía práctica sobre APIs RESTful usando Laravel, con ejemplos de código y errores comunes a evitar.","php"
"repasar PDO para el parcial de php, no entendí bien el ejemplo de la clase","php"
"En este post analizamos las novedades de Xamarin y cómo afecta a los proyectos de c# en producción. Veremos también cómo se integra con Visual Studio en un pipeline de deploy real. Además incluimos un mini benchmark comparando nullable reference types contra el enfoque tradicional.","c#"
"Paso 1: instalar Poetry. Paso 2: configurar Flask. Paso 3: probar entornos virtuales con un ejemplo mínimo. Este enfoque también aplica si estás trabajando con Poetry.","python"
"DataTables expone una API que facilita el uso de manipulación del DOM, siempre que el entorno esté configurado con npm. Consulte la referencia oficial para más detalles sobre la configuración de npm. Este comportamiento puede cambiar en versiones futuras de DataTables, revisar el changelog.","jquery"
"Tutorial paso a paso para configurar VS Code y empezar a trabajar con Bulma en html. Recordá revisar la documentación oficial antes de llevar esto a producción.","html"
"Aprendé a construir aplicaciones reales de c++ combinando STL con buenas prácticas de la stack y el heap. Al finalizar el módulo recibirás un certificado y accederás a ejercicios adicionales de optimización de rendimiento.","c++"
"repasar interfaces para el parcial de php, no entendí bien el ejemplo de la clase -- ver video de youtube que recomendó un compañero sobre interfaces","php"
"Aprendé a construir aplicaciones reales de php combinando Slim Framework con buenas prácticas de traits.","php"
"En esta unidad profundizamos en migraciones con Laravel utilizando WordPress, ideal para quienes ya conocen lo básico de php.","php"
"Aprendé a construir aplicaciones reales de java combinando JUnit con buenas prácticas de excepciones checked.","java"
"Módulo 3: Aprende a dominar el DOM virtual en Nest.js desde cero, con proyectos prácticos aplicados a componentes reutilizables.","javascript"
"Guía rápida: cómo implementar SEO on-page en Bulma en menos de 10 minutos.","html"
"Una guía práctica sobre desarrollo de APIs con FastAPI usando Celery, con ejemplos de código y errores comunes a evitar. Veremos también cómo se integra con Poetry en un pipeline de deploy real. Además incluimos un mini benchmark comparando generadores contra el enfoque tradicional.","python"
"Referencia rápida de PDO: sintaxis básica, ejemplos y errores comunes en php. Recordá revisar la documentación oficial antes de llevar esto a producción.","php"
"Cheat sheet de Node.js: los comandos y conceptos de props que más vas a usar en el día a día. Recordá revisar la documentación oficial antes de llevar esto a producción.","javascript"
"Curso intensivo de c++: dominá CMake y punteros en pocas semanas, con ejercicios evaluados automáticamente.","c++"
"pendiente: terminar el tp de android usando Retrofit, me falta la parte de el ciclo de vida -- ver video de youtube que recomendó un compañero sobre el ciclo de vida","android"
"repasar el DOM para el parcial de html, no entendí bien el ejemplo de la clase","html"
"La clase principal de CMake implementa templates internamente para optimizar el ciclo de vida del componente. Consulte la referencia oficial para más detalles sobre la configuración de GDB.","c++"
"Módulo 1: Aprende a dominar módulos ES6 en Angular desde cero, con proyectos prácticos aplicados a enrutamiento (routing). Al finalizar el módulo recibirás un certificado y accederás a ejercicios adicionales de enrutamiento (routing).","javascript"
"Tutorial paso a paso para configurar IntelliJ IDEA y empezar a trabajar con Spring MVC en java.","java"
"Cheat sheet de JUnit: los comandos y conceptos de interfaces funcionales que más vas a usar en el día a día. Este enfoque también aplica si estás trabajando con IntelliJ IDEA.","java"
"Módulo 7: Aprende a dominar meta tags en Bootstrap desde cero, con proyectos prácticos aplicados a maquetación responsive.","html"
"En este post analizamos las novedades de SQLAlchemy y cómo afecta a los proyectos de python en producción. Veremos también cómo se integra con PyCharm en un pipeline de deploy real.","python"
"Guía rápida: cómo implementar type hints en Flask en menos de 10 minutos.","python"
"Guía rápida: cómo implementar async/await en Angular en menos de 10 minutos. Recordá revisar la documentación oficial antes de llevar esto a producción.","javascript"
"DataTables expone una API que facilita el uso de AJAX, siempre que el entorno esté configurado con CDN de jQuery. Consulte la referencia oficial para más detalles sobre la configuración de CDN de jQuery.","jquery"
"En esta unidad profundizamos en migraciones con Laravel utilizando Eloquent ORM, ideal para quienes ya conocen lo básico de php. Al finalizar el módulo recibirás un certificado y accederás a ejercicios adicionales de migraciones con Laravel.","php"
"En esta unidad profundizamos en peticiones AJAX utilizando jQuery UI, ideal para quienes ya conocen lo básico de jquery.","jquery"
"En este post analizamos las novedades de DataTables y cómo afecta a los proyectos de jquery en producción. Además incluimos un mini benchmark comparando animate() contra el enfoque tradicional.","jquery"
"La clase principal de OpenCV implementa referencias internamente para optimizar el ciclo de vida del componente. Consulte la referencia oficial para más detalles sobre la configuración de g++.","c++"
"Una guía práctica sobre manejo de sesiones usando Laravel, con ejemplos de código y errores comunes a evitar. Además incluimos un mini benchmark comparando el autoloading contra el enfoque tradicional.","php"
"Clase 5: estructura semántica paso a paso, incluye desafíos de código y un proyecto integrador final en Tailwind CSS. Al finalizar el módulo recibirás un certificado y accederás a ejercicios adicionales de estructura semántica.","html"
"no me anda Activities en Kotlin Coroutines, capaz que me falta instalar Firebase Console, revisar mañana -- ver video de youtube que recomendó un compañero sobre Activities","android"
"Paso 1: instalar GDB. Paso 2: configurar Boost. Paso 3: probar RAII con un ejemplo mínimo. Este enfoque también aplica si estás trabajando con CMake.","c++"
"¿Vale la pena migrar a NumPy en 2026? Repasamos ventajas, desventajas y casos de uso reales para web scraping. Veremos también cómo se integra con pip en un pipeline de deploy real.","python"
"Cheat sheet de Svelte: los comandos y conceptos de promesas que más vas a usar en el día a día.","javascript"
"Comparamos Node.js contra otras alternativas del ecosistema javascript, enfocándonos en fetch de datos con AJAX y rendimiento.","javascript"
"Comparamos Spring Boot contra otras alternativas del ecosistema java, enfocándonos en persistencia con JPA y rendimiento.","java"
"Clase 3: diseño de interfaces con Compose paso a paso, incluye desafíos de código y un proyecto integrador final en Firebase.","android"
"pendiente: terminar el tp de javascript usando Express, me falta la parte de el spread operator -- ver video de youtube que recomendó un compañero sobre el spread operator","javascript"
"Una guía práctica sobre compilación y linking usando Qt, con ejemplos de código y errores comunes a evitar.","c++"
"Referencia rápida de referencias: sintaxis básica, ejemplos y errores comunes en c++.","c++"
"no me anda middlewares en Eloquent ORM, capaz que me falta instalar XAMPP, revisar mañana","php"
"WPF expone una API que facilita el uso de genéricos, siempre que el entorno esté configurado con Visual Studio. Consulte la referencia oficial para más detalles sobre la configuración de Visual Studio.","c#"
"Una guía práctica sobre concurrencia con threads usando CMake, con ejemplos de código y errores comunes a evitar. Veremos también cómo se integra con GDB en un pipeline de deploy real.","c++"
"Una guía práctica sobre testing con Jest usando Nest.js, con ejemplos de código y errores comunes a evitar.","javascript"
"La clase principal de Bulma implementa meta tags internamente para optimizar el ciclo de vida del componente.","html"
"me tira error raro con MVVM, creo que es tema de versiones de Visual Studio Code, googlear despues -- ver video de youtube que recomendó un compañero sobre interfaces","c#"
"Paso 1: instalar Azure DevOps. Paso 2: configurar Blazor. Paso 3: probar delegados con un ejemplo mínimo.","c#"
"tip del profe: usar Lighthouse para debuggear CSS Grid, ahorra un montón de tiempo","html"
"Este módulo documenta el uso correcto de records dentro del framework MVVM, incluyendo parámetros opcionales. Este comportamiento puede cambiar en versiones futuras de MVVM, revisar el changelog.","c#"
"En este post analizamos las novedades de Laravel y cómo afecta a los proyectos de php en producción. Veremos también cómo se integra con XAMPP en un pipeline de deploy real.","php"
"tip del profe: usar npm para debuggear Nest.js, ahorra un montón de tiempo","javascript"
"Hoy vamos a explorar chaining de métodos en jquery, un tema que genera muchas dudas entre desarrolladores junior. Veremos también cómo se integra con npm en un pipeline de deploy real. Además incluimos un mini benchmark comparando chaining de métodos contra el enfoque tradicional.","jquery"
"Una guía práctica sobre arquitectura en capas usando .NET Core, con ejemplos de código y errores comunes a evitar.","c#"
"repasar meta tags para el parcial de html, no entendí bien el ejemplo de la clase","html"
"La clase principal de Bootstrap con jQuery implementa chaining de métodos internamente para optimizar el ciclo de vida del componente. Consulte la referencia oficial para más detalles sobre la configuración de npm.","jquery"
"La funcionalidad la JVM en JUnit permite declarar componentes sin necesidad de configuración adicional. Este comportamiento puede cambiar en versiones futuras de JUnit, revisar el changelog.","java"
"Hoy vamos a explorar RAII en c++, un tema que genera muchas dudas entre desarrolladores junior. Veremos también cómo se integra con CMake en un pipeline de deploy real. Además incluimos un mini benchmark comparando RAII contra el enfoque tradicional.","c++"
"Cheat sheet de Svelte: los comandos y conceptos de async/await que más vas a usar en el día a día.","javascript"
"Clase 4: programación orientada a objetos paso a paso, incluye desafíos de código y un proyecto integrador final en CMake.","c++"
"¿Vale la pena migrar a Celery en 2026? Repasamos ventajas, desventajas y casos de uso reales para web scraping. Veremos también cómo se integra con conda en un pipeline de deploy real. Además incluimos un mini benchmark comparando list comprehension contra el enfoque tradicional.","python"
"me tira error raro con Bootstrap, creo que es tema de versiones de VS Code, googlear despues -- ver video de youtube que recomendó un compañero sobre formularios","html"
"Clase 4: seguridad con Spring Security paso a paso, incluye desafíos de código y un proyecto integrador final en Hibernate.","java"
"Comparamos Symfony contra otras alternativas del ecosistema php, enfocándonos en APIs RESTful y rendimiento.","php"
"¿Vale la pena migrar a Gradle en 2026? Repasamos ventajas, desventajas y casos de uso reales para manejo de excepciones. Veremos también cómo se integra con Tomcat en un pipeline de deploy real.","java"
"En esta unidad profundizamos en inyección de dependencias utilizando WPF, ideal para quienes ya conocen lo básico de c#.","c#"
"En esta unidad profundizamos en punteros inteligentes utilizando OpenCV, ideal para quienes ya conocen lo básico de c++.","c++"
"La funcionalidad context managers en Flask permite declarar componentes sin necesidad de configuración adicional.","python"
"Referencia rápida de manipulación del DOM: sintaxis básica, ejemplos y errores comunes en jquery.","jquery"
"pendiente: terminar el tp de java usando Spring Boot, me falta la parte de excepciones checked","java"
"no me anda el DOM en Bulma, capaz que me falta instalar VS Code, revisar mañana -- ver video de youtube que recomendó un compañero sobre el DOM","html"
"La funcionalidad closures en CodeIgniter permite declarar componentes sin necesidad de configuración adicional.","php"
"Tutorial paso a paso para configurar Figma y empezar a trabajar con CSS Grid en html.","html"
"repasar interfaces funcionales para el parcial de java, no entendí bien el ejemplo de la clase","java"
"Nota: al utilizar Fragments en android, se recomienda validar los tipos de entrada antes de invocar el método principal.","android"
"La funcionalidad generadores en Pandas permite declarar componentes sin necesidad de configuración adicional. Consulte la referencia oficial para más detalles sobre la configuración de PyCharm.","python"
"La clase principal de ASP.NET Core implementa delegados internamente para optimizar el ciclo de vida del componente. Este comportamiento puede cambiar en versiones futuras de ASP.NET Core, revisar el changelog.","c#"
"¿Vale la pena migrar a jQuery UI en 2026? Repasamos ventajas, desventajas y casos de uso reales para validación de formularios.","jquery"
"La funcionalidad traits en Symfony permite declarar componentes sin necesidad de configuración adicional. Consulte la referencia oficial para más detalles sobre la configuración de Artisan CLI.","php"
"me tira error raro con Jetpack Compose, creo que es tema de versiones de Android Studio, googlear despues","android"
"Comparamos MVVM contra otras alternativas del ecosistema c#, enfocándonos en testing con xUnit y rendimiento.","c#"
"Hoy vamos a explorar el patrón singleton en java, un tema que genera muchas dudas entre desarrolladores junior. Veremos también cómo se integra con Docker en un pipeline de deploy real. Además incluimos un mini benchmark comparando el patrón singleton contra el enfoque tradicional.","java"
"repasar SEO on-page para el parcial de html, no entendí bien el ejemplo de la clase","html"
"Aprendé a construir aplicaciones reales de android combinando LiveData con buenas prácticas de Fragments. Al finalizar el módulo recibirás un certificado y accederás a ejercicios adicionales de publicación en Google Play.","android"
"En esta unidad profundizamos en arquitectura de microservicios utilizando Maven, ideal para quienes ya conocen lo básico de java. Al finalizar el módulo recibirás un certificado y accederás a ejercicios adicionales de arquitectura de microservicios.","java"
"todavia no me cierra como funciona módulos ES6, hice un ejemplo copado pero se rompe con datos reales","javascript"
"me tira error raro con jQuery Mobile, creo que es tema de versiones de CDN de jQuery, googlear despues","jquery"
"Este módulo documenta el uso correcto de Intents dentro del framework Room, incluyendo parámetros opcionales.","android"
"La funcionalidad el patrón singleton en Gradle permite declarar componentes sin necesidad de configuración adicional.","java"
"Una guía práctica sobre compatibilidad entre navegadores usando CSS Grid, con ejemplos de código y errores comunes a evitar. Veremos también cómo se integra con Chrome DevTools en un pipeline de deploy real.","html"
"me tira error raro con ViewModel, creo que es tema de versiones de Genymotion, googlear despues -- ver video de youtube que recomendó un compañero sobre RecyclerView","android"
"Módulo 11: Aprende a dominar dataclasses en SQLAlchemy desde cero, con proyectos prácticos aplicados a procesamiento de datos con NumPy. Al finalizar el módulo recibirás un certificado y accederás a ejercicios adicionales de procesamiento de datos con NumPy.","python"
"repasar animate() para el parcial de jquery, no entendí bien el ejemplo de la clase -- ver video de youtube que recomendó un compañero sobre animate()","jquery"
"Guía rápida: cómo implementar manipulación del DOM en DataTables en menos de 10 minutos. Recordá revisar la documentación oficial antes de llevar esto a producción.","jquery"
"¿Vale la pena migrar a Firebase en 2026? Repasamos ventajas, desventajas y casos de uso reales para persistencia local con Room.","android"
"Referencia rápida de Activities: sintaxis básica, ejemplos y errores comunes en android.","android"
"me tira error raro con Next.js, creo que es tema de versiones de npm, googlear despues","javascript"
"Referencia rápida de layouts XML: sintaxis básica, ejemplos y errores comunes en android.","android"
"Comparamos MVVM contra otras alternativas del ecosistema c#, enfocándonos en testing con xUnit y rendimiento. Veremos también cómo se integra con NuGet en un pipeline de deploy real. Además incluimos un mini benchmark comparando eventos contra el enfoque tradicional.","c#"
"La clase principal de Bulma implementa responsive design internamente para optimizar el ciclo de vida del componente.","html"
"pendiente: terminar el tp de c++ usando Boost, me falta la parte de templates","c++"
"Clase 9: compatibilidad entre navegadores paso a paso, incluye desafíos de código y un proyecto integrador final en CSS Grid. Al finalizar el módulo recibirás un certificado y accederás a ejercicios adicionales de compatibilidad entre navegadores.","html"
"pendiente: terminar el tp de c# usando .NET Core, me falta la parte de nullable reference types","c#"
"Curso intensivo de c++: dominá OpenCV y smart pointers en pocas semanas, con ejercicios evaluados automáticamente.","c++"
"Curso intensivo de java: dominá Hibernate y el patrón singleton en pocas semanas, con ejercicios evaluados automáticamente.","java"
"Cheat sheet de Bulma: los comandos y conceptos de etiquetas semánticas que más vas a usar en el día a día.","html"
"Comparamos LiveData contra otras alternativas del ecosistema android, enfocándonos en diseño de interfaces con Compose y rendimiento. Además incluimos un mini benchmark comparando el AndroidManifest contra el enfoque tradicional.","android"
"Guía rápida: cómo implementar Activities en Kotlin Coroutines en menos de 10 minutos.","android"
"En este post analizamos las novedades de NumPy y cómo afecta a los proyectos de python en producción. Veremos también cómo se integra con Jupyter Notebook en un pipeline de deploy real. Además incluimos un mini benchmark comparando entornos virtuales contra el enfoque tradicional.","python"
"En esta unidad profundizamos en animaciones y efectos utilizando jQuery Mobile, ideal para quienes ya conocen lo básico de jquery. Al finalizar el módulo recibirás un certificado y accederás a ejercicios adicionales de animaciones y efectos.","jquery"
"Guía rápida: cómo implementar eventos en ASP.NET Core en menos de 10 minutos. Este enfoque también aplica si estás trabajando con Visual Studio.","c#"
"Guía rápida: cómo implementar el ciclo de vida en Jetpack Compose en menos de 10 minutos. Recordá revisar la documentación oficial antes de llevar esto a producción.","android"
"Paso 1: instalar npm. Paso 2: configurar Bootstrap con jQuery. Paso 3: probar animate() con un ejemplo mínimo. Recordá revisar la documentación oficial antes de llevar esto a producción.","jquery"
"Guía rápida: cómo implementar etiquetas semánticas en Bootstrap en menos de 10 minutos. Recordá revisar la documentación oficial antes de llevar esto a producción. Este enfoque también aplica si estás trabajando con Lighthouse.","html"
"Cheat sheet de WPF: los comandos y conceptos de el garbage collector que más vas a usar en el día a día. Este enfoque también aplica si estás trabajando con dotnet CLI.","c#"
"En este post analizamos las novedades de Qt y cómo afecta a los proyectos de c++ en producción. Veremos también cómo se integra con Visual Studio en un pipeline de deploy real. Además incluimos un mini benchmark comparando sobrecarga de operadores contra el enfoque tradicional.","c++"
"En esta unidad profundizamos en Entity Framework Core utilizando Blazor, ideal para quienes ya conocen lo básico de c#. Al finalizar el módulo recibirás un certificado y accederás a ejercicios adicionales de Entity Framework Core.","c#"
"Referencia rápida de closures: sintaxis básica, ejemplos y errores comunes en javascript. Recordá revisar la documentación oficial antes de llevar esto a producción. Este enfoque también aplica si estás trabajando con Vite.","javascript"
"Nota: al utilizar el garbage collector en java, se recomienda validar los tipos de entrada antes de invocar el método principal. Consulte la referencia oficial para más detalles sobre la configuración de Gradle.","java"
"La clase principal de Xamarin implementa eventos internamente para optimizar el ciclo de vida del componente. Consulte la referencia oficial para más detalles sobre la configuración de Visual Studio.","c#"
"La clase principal de Maven implementa interfaces funcionales internamente para optimizar el ciclo de vida del componente.","java"
"La clase principal de ASP.NET Core implementa LINQ internamente para optimizar el ciclo de vida del componente. Consulte la referencia oficial para más detalles sobre la configuración de Azure DevOps.","c#"
".NET Core expone una API que facilita el uso de el garbage collector, siempre que el entorno esté configurado con Visual Studio Code. Consulte la referencia oficial para más detalles sobre la configuración de Visual Studio Code. Este comportamiento puede cambiar en versiones futuras de .NET Core, revisar el changelog.","c#"
"En esta unidad profundizamos en autenticación de usuarios utilizando Composer, ideal para quienes ya conocen lo básico de php. Al finalizar el módulo recibirás un certificado y accederás a ejercicios adicionales de autenticación de usuarios.","php"
"Clase 5: compatibilidad entre navegadores paso a paso, incluye desafíos de código y un proyecto integrador final en Select2. Al finalizar el módulo recibirás un certificado y accederás a ejercicios adicionales de compatibilidad entre navegadores.","jquery"
"Guía rápida: cómo implementar decoradores en SQLAlchemy en menos de 10 minutos. Recordá revisar la documentación oficial antes de llevar esto a producción.","python"
"Tailwind CSS expone una API que facilita el uso de formularios, siempre que el entorno esté configurado con Chrome DevTools. Consulte la referencia oficial para más detalles sobre la configuración de Chrome DevTools.","html"
"Paso 1: instalar NuGet. Paso 2: configurar ASP.NET Core. Paso 3: probar eventos con un ejemplo mínimo.","c#"
"Clase 12: plugins personalizados paso a paso, incluye desafíos de código y un proyecto integrador final en Bootstrap con jQuery.","jquery"
"Hoy vamos a explorar inyección de dependencias en java, un tema que genera muchas dudas entre desarrolladores junior. Además incluimos un mini benchmark comparando inyección de dependencias contra el enfoque tradicional.","java"
"Hoy vamos a explorar SEO on-page en html, un tema que genera muchas dudas entre desarrolladores junior. Veremos también cómo se integra con VS Code en un pipeline de deploy real. Además incluimos un mini benchmark comparando SEO on-page contra el enfoque tradicional.","html"
"Módulo 6: Aprende a dominar el ciclo de vida en Android Studio desde cero, con proyectos prácticos aplicados a diseño de interfaces con Compose. Al finalizar el módulo recibirás un certificado y accederás a ejercicios adicionales de diseño de interfaces con Compose.","android"
"Hoy vamos a explorar middlewares en php, un tema que genera muchas dudas entre desarrolladores junior.","php"
"Módulo 8: Aprende a dominar referencias en OpenCV desde cero, con proyectos prácticos aplicados a concurrencia con threads.","c++"
"Hoy vamos a explorar templates en c++, un tema que genera muchas dudas entre desarrolladores junior. Veremos también cómo se integra con Makefile en un pipeline de deploy real.","c++"
"La funcionalidad el garbage collector en Spring Data JPA permite declarar componentes sin necesidad de configuración adicional. Consulte la referencia oficial para más detalles sobre la configuración de Gradle. Este comportamiento puede cambiar en versiones futuras de Spring Data JPA, revisar el changelog.","java"
"La clase principal de Nest.js implementa el DOM virtual internamente para optimizar el ciclo de vida del componente. Consulte la referencia oficial para más detalles sobre la configuración de Babel.","javascript"
"Curso intensivo de java: dominá Spring Data JPA y interfaces funcionales en pocas semanas, con ejercicios evaluados automáticamente.","java"
"En este post analizamos las novedades de Hibernate y cómo afecta a los proyectos de java en producción.","java"
"Una guía práctica sobre manejo de excepciones usando Spring MVC, con ejemplos de código y errores comunes a evitar.","java"
"Clase 5: programación orientada a objetos paso a paso, incluye desafíos de código y un proyecto integrador final en Boost. Al finalizar el módulo recibirás un certificado y accederás a ejercicios adicionales de programación orientada a objetos.","c++"
"me tira error raro con .NET Core, creo que es tema de versiones de Azure DevOps, googlear despues","c#"
"me tira error raro con Celery, creo que es tema de versiones de Poetry, googlear despues -- ver video de youtube que recomendó un compañero sobre el GIL","python"
"Una guía práctica sobre renderizado del lado del servidor usando Svelte, con ejemplos de código y errores comunes a evitar. Veremos también cómo se integra con Vite en un pipeline de deploy real.","javascript"
"Tailwind CSS expone una API que facilita el uso de SEO on-page, siempre que el entorno esté configurado con Chrome DevTools. Consulte la referencia oficial para más detalles sobre la configuración de Chrome DevTools. Este comportamiento puede cambiar en versiones futuras de Tailwind CSS, revisar el changelog.","html"
"En esta unidad profundizamos en componentes reutilizables utilizando React, ideal para quienes ya conocen lo básico de javascript.","javascript"
"Nota: al utilizar list comprehension en python, se recomienda validar los tipos de entrada antes de invocar el método principal. Consulte la referencia oficial para más detalles sobre la configuración de conda. Este comportamiento puede cambiar en versiones futuras de Django, revisar el changelog.","python"
"repasar interfaces para el parcial de php, no entendí bien el ejemplo de la clase","php"
"Referencia rápida de threads: sintaxis básica, ejemplos y errores comunes en java.","java"
"Este módulo documenta el uso correcto de closures dentro del framework CodeIgniter, incluyendo parámetros opcionales. Consulte la referencia oficial para más detalles sobre la configuración de XAMPP.","php"
"Clase 10: optimización del bundle paso a paso, incluye desafíos de código y un proyecto integrador final en Vue.","javascript"
"Cheat sheet de CodeIgniter: los comandos y conceptos de el autoloading que más vas a usar en el día a día.","php"
"Paso 1: instalar Composer. Paso 2: configurar Slim Framework. Paso 3: probar closures con un ejemplo mínimo. Recordá revisar la documentación oficial antes de llevar esto a producción.","php"
"Aprendé a construir aplicaciones reales de c++ combinando Qt con buenas prácticas de templates. Al finalizar el módulo recibirás un certificado y accederás a ejercicios adicionales de compilación y linking.","c++"
"Clase 12: compatibilidad entre navegadores paso a paso, incluye desafíos de código y un proyecto integrador final en jQuery UI. Al finalizar el módulo recibirás un certificado y accederás a ejercicios adicionales de compatibilidad entre navegadores.","jquery"
"Nota: al utilizar arrow functions en javascript, se recomienda validar los tipos de entrada antes de invocar el método principal. Consulte la referencia oficial para más detalles sobre la configuración de webpack.","javascript"
"Referencia rápida de la stack y el heap: sintaxis básica, ejemplos y errores comunes en c++. Este enfoque también aplica si estás trabajando con Valgrind.","c++"
"Paso 1: instalar XAMPP. Paso 2: configurar Symfony. Paso 3: probar traits con un ejemplo mínimo.","php"
"me tira error raro con Jakarta EE, creo que es tema de versiones de Docker, googlear despues -- ver video de youtube que recomendó un compañero sobre polimorfismo","java"
"pendiente: terminar el tp de python usando Flask, me falta la parte de entornos virtuales","python"
"Curso intensivo de jquery: dominá jQuery UI y AJAX en pocas semanas, con ejercicios evaluados automáticamente. Al finalizar el módulo recibirás un certificado y accederás a ejercicios adicionales de validación de formularios.","jquery"
"Guía rápida: cómo implementar layouts XML en Retrofit en menos de 10 minutos. Este enfoque también aplica si estás trabajando con Gradle.","android"
"Comparamos Blazor contra otras alternativas del ecosistema c#, enfocándonos en Entity Framework Core y rendimiento. Veremos también cómo se integra con Visual Studio Code en un pipeline de deploy real. Además incluimos un mini benchmark comparando async/await contra el enfoque tradicional.","c#"
"Módulo 8: Aprende a dominar el ciclo de vida en Kotlin Coroutines desde cero, con proyectos prácticos aplicados a optimización de memoria. Al finalizar el módulo recibirás un certificado y accederás a ejercicios adicionales de optimización de memoria.","android"
"Nota: al utilizar punteros en c++, se recomienda validar los tipos de entrada antes de invocar el método principal.","c++"
"repasar decoradores para el parcial de python, no entendí bien el ejemplo de la clase -- ver video de youtube que recomendó un compañero sobre decoradores","python"
"En este post analizamos las novedades de Composer y cómo afecta a los proyectos de php en producción. Veremos también cómo se integra con XAMPP en un pipeline de deploy real.","php"
"Comparamos Vue contra otras alternativas del ecosistema javascript, enfocándonos en renderizado del lado del servidor y rendimiento. Veremos también cómo se integra con TypeScript en un pipeline de deploy real.","javascript"
"Aprendé a construir aplicaciones reales de android combinando Kotlin Coroutines con buenas prácticas de layouts XML.","android"
"pendiente: terminar el tp de java usando Spring Boot, me falta la parte de la JVM -- ver video de youtube que recomendó un compañero sobre la JVM","java"
"Este módulo documenta el uso correcto de context managers dentro del framework Pandas, incluyendo parámetros opcionales. Este comportamiento puede cambiar en versiones futuras de Pandas, revisar el changelog.","python"
"En este post analizamos las novedades de Bootstrap con jQuery y cómo afecta a los proyectos de jquery en producción. Veremos también cómo se integra con npm en un pipeline de deploy real. Además incluimos un mini benchmark comparando manipulación del DOM contra el enfoque tradicional.","jquery"
"no me anda etiquetas semánticas en Tailwind CSS, capaz que me falta instalar Figma, revisar mañana","html"
"me tira error raro con STL, creo que es tema de versiones de Makefile, googlear despues -- ver video de youtube que recomendó un compañero sobre templates","c++"
"Cheat sheet de Composer: los comandos y conceptos de namespaces que más vas a usar en el día a día.","php"
"Tutorial paso a paso para configurar Genymotion y empezar a trabajar con Retrofit en android. Este enfoque también aplica si estás trabajando con Gradle.","android"
"En este post analizamos las novedades de jQuery UI y cómo afecta a los proyectos de jquery en producción.","jquery"
"Guía rápida: cómo implementar context managers en Flask en menos de 10 minutos. Recordá revisar la documentación oficial antes de llevar esto a producción. Este enfoque también aplica si estás trabajando con Jupyter Notebook.","python"
"Aprendé a construir aplicaciones reales de jquery combinando jQuery Mobile con buenas prácticas de el método .ready().","jquery"
"Aprendé a construir aplicaciones reales de java combinando Spring Boot con buenas prácticas de excepciones checked.","java"
"Referencia rápida de atributos ARIA: sintaxis básica, ejemplos y errores comunes en html. Recordá revisar la documentación oficial antes de llevar esto a producción. Este enfoque también aplica si estás trabajando con VS Code.","html"
"pendiente: terminar el tp de jquery usando Bootstrap con jQuery, me falta la parte de el método .ready() -- ver video de youtube que recomendó un compañero sobre el método .ready()","jquery"
"Comparamos Eloquent ORM contra otras alternativas del ecosistema php, enfocándonos en APIs RESTful y rendimiento. Veremos también cómo se integra con phpMyAdmin en un pipeline de deploy real. Además incluimos un mini benchmark comparando traits contra el enfoque tradicional.","php"
"Comparamos Firebase contra otras alternativas del ecosistema android, enfocándonos en manejo del ciclo de vida y rendimiento. Además incluimos un mini benchmark comparando el AndroidManifest contra el enfoque tradicional.","android"
"Una guía práctica sobre despliegue con Docker usando Django, con ejemplos de código y errores comunes a evitar. Además incluimos un mini benchmark comparando type hints contra el enfoque tradicional.","python"
"Una guía práctica sobre manejo de sesiones usando CodeIgniter, con ejemplos de código y errores comunes a evitar. Además incluimos un mini benchmark comparando namespaces contra el enfoque tradicional.","php"
"todavia no me cierra como funciona el ciclo de vida, hice un ejemplo copado pero se rompe con datos reales","android"
"no me anda useState en Vue, capaz que me falta instalar TypeScript, revisar mañana","javascript"
"Nota: al utilizar responsive design en html, se recomienda validar los tipos de entrada antes de invocar el método principal. Este comportamiento puede cambiar en versiones futuras de Bootstrap, revisar el changelog.","html"
"todavia no me cierra como funciona selectores $(), hice un ejemplo copado pero se rompe con datos reales -- ver video de youtube que recomendó un compañero sobre selectores $()","jquery"
"En esta unidad profundizamos en Entity Framework Core utilizando Xamarin, ideal para quienes ya conocen lo básico de c#.","c#"
"Clase 8: peticiones AJAX paso a paso, incluye desafíos de código y un proyecto integrador final en Select2.","jquery"
"apunte: nullable reference types en c# es re confuso, preguntarle al profe en la próxima clase","c#"
"Clase 12: despliegue con Docker paso a paso, incluye desafíos de código y un proyecto integrador final en NumPy.","python"
"La funcionalidad arrow functions en Express permite declarar componentes sin necesidad de configuración adicional. Consulte la referencia oficial para más detalles sobre la configuración de webpack.","javascript"
"En esta unidad profundizamos en arquitectura de microservicios utilizando Spring Data JPA, ideal para quienes ya conocen lo básico de java.","java"
"repasar RAII para el parcial de c++, no entendí bien el ejemplo de la clase","c++"
"Guía rápida: cómo implementar AJAX en DataTables en menos de 10 minutos.","jquery"
"Hoy vamos a explorar Fragments en android, un tema que genera muchas dudas entre desarrolladores junior. Veremos también cómo se integra con Genymotion en un pipeline de deploy real.","android"
"Clase 1: diseño con Flexbox y Grid paso a paso, incluye desafíos de código y un proyecto integrador final en CSS Grid. Al finalizar el módulo recibirás un certificado y accederás a ejercicios adicionales de diseño con Flexbox y Grid.","html"
"Una guía práctica sobre estructuras de datos usando Boost, con ejemplos de código y errores comunes a evitar. Veremos también cómo se integra con GDB en un pipeline de deploy real.","c++"
"¿Vale la pena migrar a Symfony en 2026? Repasamos ventajas, desventajas y casos de uso reales para desarrollo de plugins de WordPress. Veremos también cómo se integra con Artisan CLI en un pipeline de deploy real.","php"
"Cheat sheet de Composer: los comandos y conceptos de traits que más vas a usar en el día a día.","php"
"Módulo 11: Aprende a dominar generadores en SQLAlchemy desde cero, con proyectos prácticos aplicados a despliegue con Docker. Al finalizar el módulo recibirás un certificado y accederás a ejercicios adicionales de despliegue con Docker.","python"
"Una guía práctica sobre despliegue en Azure usando ASP.NET Core, con ejemplos de código y errores comunes a evitar. Veremos también cómo se integra con Visual Studio en un pipeline de deploy real.","c#"
"Hoy vamos a explorar arrow functions en javascript, un tema que genera muchas dudas entre desarrolladores junior. Además incluimos un mini benchmark comparando arrow functions contra el enfoque tradicional.","javascript"
"Paso 1: instalar Visual Studio. Paso 2: configurar MVVM. Paso 3: probar el garbage collector con un ejemplo mínimo.","c#"
"En esta unidad profundizamos en manipulación dinámica del DOM utilizando Bootstrap con jQuery, ideal para quienes ya conocen lo básico de jquery.","jquery"
"Módulo 10: Aprende a dominar interfaces en Eloquent ORM desde cero, con proyectos prácticos aplicados a conexión a bases de datos con PDO.","php"
"En este post analizamos las novedades de Laravel y cómo afecta a los proyectos de php en producción. Además incluimos un mini benchmark comparando namespaces contra el enfoque tradicional.","php"
"Nota: al utilizar interfaces en c#, se recomienda validar los tipos de entrada antes de invocar el método principal. Consulte la referencia oficial para más detalles sobre la configuración de Azure DevOps.","c#"
"Hoy vamos a explorar meta tags en html, un tema que genera muchas dudas entre desarrolladores junior. Veremos también cómo se integra con Lighthouse en un pipeline de deploy real.","html"
"En esta unidad profundizamos en peticiones AJAX utilizando jQuery Mobile, ideal para quienes ya conocen lo básico de jquery. Al finalizar el módulo recibirás un certificado y accederás a ejercicios adicionales de peticiones AJAX.","jquery"
"Módulo 7: Aprende a dominar la JVM en Spring Boot desde cero, con proyectos prácticos aplicados a testing unitario con JUnit.","java"
"En esta unidad profundizamos en testing unitario con JUnit utilizando Hibernate, ideal para quienes ya conocen lo básico de java. Al finalizar el módulo recibirás un certificado y accederás a ejercicios adicionales de testing unitario con JUnit.","java"
"¿Vale la pena migrar a Slim Framework en 2026? Repasamos ventajas, desventajas y casos de uso reales para migraciones con Laravel. Además incluimos un mini benchmark comparando middlewares contra el enfoque tradicional.","php"
"La funcionalidad excepciones checked en Jakarta EE permite declarar componentes sin necesidad de configuración adicional. Consulte la referencia oficial para más detalles sobre la configuración de IntelliJ IDEA.","java"
"Referencia rápida de responsive design: sintaxis básica, ejemplos y errores comunes en html. Recordá revisar la documentación oficial antes de llevar esto a producción.","html"
"En esta unidad profundizamos en migraciones con Laravel utilizando CodeIgniter, ideal para quienes ya conocen lo básico de php.","php"
"repasar closures para el parcial de php, no entendí bien el ejemplo de la clase","php"
"no me anda atributos ARIA en Flexbox, capaz que me falta instalar Chrome DevTools, revisar mañana","html"
"pendiente: terminar el tp de java usando Maven, me falta la parte de el garbage collector","java"
"La clase principal de Blazor implementa async/await internamente para optimizar el ciclo de vida del componente. Consulte la referencia oficial para más detalles sobre la configuración de NuGet.","c#"
"En esta unidad profundizamos en desarrollo de APIs REST utilizando ASP.NET Core, ideal para quienes ya conocen lo básico de c#.","c#"
"¿Vale la pena migrar a OpenCV en 2026? Repasamos ventajas, desventajas y casos de uso reales para compilación y linking.","c++"
"tip del profe: usar npm para debuggear jQuery Mobile, ahorra un montón de tiempo","jquery"
"Guía rápida: cómo implementar dataclasses en Django en menos de 10 minutos.","python"
"En este post analizamos las novedades de Retrofit y cómo afecta a los proyectos de android en producción. Veremos también cómo se integra con Genymotion en un pipeline de deploy real.","android"
"pendiente: terminar el tp de python usando Pandas, me falta la parte de generadores","python"
"tip del profe: usar Figma para debuggear Bootstrap, ahorra un montón de tiempo","html"
"Este módulo documenta el uso correcto de SEO on-page dentro del framework Tailwind CSS, incluyendo parámetros opcionales. Consulte la referencia oficial para más detalles sobre la configuración de Chrome DevTools.","html"
"Tutorial paso a paso para configurar virtualenv y empezar a trabajar con Celery en python. Recordá revisar la documentación oficial antes de llevar esto a producción. Este enfoque también aplica si estás trabajando con Jupyter Notebook.","python"
"Tutorial paso a paso para configurar Figma y empezar a trabajar con Bulma en html.","html"
"En este post analizamos las novedades de CMake y cómo afecta a los proyectos de c++ en producción. Veremos también cómo se integra con Makefile en un pipeline de deploy real.","c++"
"Este módulo documenta el uso correcto de entornos virtuales dentro del framework Flask, incluyendo parámetros opcionales. Este comportamiento puede cambiar en versiones futuras de Flask, revisar el changelog.","python"
"Hoy vamos a explorar accesibilidad (a11y) en html, un tema que genera muchas dudas entre desarrolladores junior. Además incluimos un mini benchmark comparando accesibilidad (a11y) contra el enfoque tradicional.","html"
"La clase principal de OpenCV implementa templates internamente para optimizar el ciclo de vida del componente.","c++"
"En este post analizamos las novedades de WPF y cómo afecta a los proyectos de c# en producción. Veremos también cómo se integra con Visual Studio en un pipeline de deploy real.","c#"
"pendiente: terminar el tp de jquery usando jQuery Mobile, me falta la parte de chaining de métodos","jquery"
"Referencia rápida de genéricos: sintaxis básica, ejemplos y errores comunes en java. Recordá revisar la documentación oficial antes de llevar esto a producción.","java"
"Comparamos LiveData contra otras alternativas del ecosistema android, enfocándonos en manejo del ciclo de vida y rendimiento.","android"
"apunte: LINQ en c# es re confuso, preguntarle al profe en la próxima clase -- ver video de youtube que recomendó un compañero sobre LINQ","c#"
"Módulo 8: Aprende a dominar propiedades en Xamarin desde cero, con proyectos prácticos aplicados a inyección de dependencias. Al finalizar el módulo recibirás un certificado y accederás a ejercicios adicionales de inyección de dependencias.","c#"
"Clase 3: manejo de sesiones paso a paso, incluye desafíos de código y un proyecto integrador final en WordPress. Al finalizar el módulo recibirás un certificado y accederás a ejercicios adicionales de manejo de sesiones.","php"
"Referencia rápida de el autoloading: sintaxis básica, ejemplos y errores comunes en php.","php"
"todavia no me cierra como funciona records, hice un ejemplo copado pero se rompe con datos reales -- ver video de youtube que recomendó un compañero sobre records","c#"
"Cheat sheet de Angular: los comandos y conceptos de props que más vas a usar en el día a día. Este enfoque también aplica si estás trabajando con ESLint.","javascript"
"Aprendé a construir aplicaciones reales de python combinando Celery con buenas prácticas de context managers.","python"
"no me anda Fragments en LiveData, capaz que me falta instalar Gradle, revisar mañana","android"
"Hoy vamos a explorar AJAX en jquery, un tema que genera muchas dudas entre desarrolladores junior. Además incluimos un mini benchmark comparando AJAX contra el enfoque tradicional.","jquery"
"¿Vale la pena migrar a Jakarta EE en 2026? Repasamos ventajas, desventajas y casos de uso reales para arquitectura de microservicios. Veremos también cómo se integra con Eclipse en un pipeline de deploy real.","java"
"me tira error raro con .NET Core, creo que es tema de versiones de Visual Studio, googlear despues -- ver video de youtube que recomendó un compañero sobre propiedades","c#"
"En este post analizamos las novedades de .NET Core y cómo afecta a los proyectos de c# en producción. Además incluimos un mini benchmark comparando delegados contra el enfoque tradicional.","c#"
"¿Vale la pena migrar a Spring Data JPA en 2026? Repasamos ventajas, desventajas y casos de uso reales para manejo de excepciones. Veremos también cómo se integra con Tomcat en un pipeline de deploy real. Además incluimos un mini benchmark comparando herencia contra el enfoque tradicional.","java"
"¿Vale la pena migrar a Select2 en 2026? Repasamos ventajas, desventajas y casos de uso reales para validación de formularios. Veremos también cómo se integra con Chrome DevTools en un pipeline de deploy real. Además incluimos un mini benchmark comparando manipulación del DOM contra el enfoque tradicional.","jquery"
"pendiente: terminar el tp de php usando CodeIgniter, me falta la parte de middlewares","php"
"Clase 4: desarrollo de APIs REST paso a paso, incluye desafíos de código y un proyecto integrador final en Xamarin. Al finalizar el módulo recibirás un certificado y accederás a ejercicios adicionales de desarrollo de APIs REST.","c#"
"Guía rápida: cómo implementar useState en Svelte en menos de 10 minutos. Recordá revisar la documentación oficial antes de llevar esto a producción. Este enfoque también aplica si estás trabajando con npm.","javascript"
"Referencia rápida de decoradores: sintaxis básica, ejemplos y errores comunes en python. Recordá revisar la documentación oficial antes de llevar esto a producción. Este enfoque también aplica si estás trabajando con conda.","python"
"Paso 1: instalar Makefile. Paso 2: configurar OpenCV. Paso 3: probar punteros con un ejemplo mínimo. Recordá revisar la documentación oficial antes de llevar esto a producción.","c++"
"Boost expone una API que facilita el uso de RAII, siempre que el entorno esté configurado con Valgrind. Consulte la referencia oficial para más detalles sobre la configuración de Valgrind. Este comportamiento puede cambiar en versiones futuras de Boost, revisar el changelog.","c++"
"Paso 1: instalar Tomcat. Paso 2: configurar Maven. Paso 3: probar herencia con un ejemplo mínimo. Recordá revisar la documentación oficial antes de llevar esto a producción.","java"
"no me anda closures en Symfony, capaz que me falta instalar PHPUnit, revisar mañana","php"
"me tira error raro con Jakarta EE, creo que es tema de versiones de Eclipse, googlear despues -- ver video de youtube que recomendó un compañero sobre genéricos","java"
"todavia no me cierra como funciona dataclasses, hice un ejemplo copado pero se rompe con datos reales","python"
"Aprendé a construir aplicaciones reales de html combinando Bootstrap con buenas prácticas de etiquetas semánticas.","html"
"Una guía práctica sobre manejo de sesiones usando Symfony, con ejemplos de código y errores comunes a evitar. Además incluimos un mini benchmark comparando namespaces contra el enfoque tradicional.","php"
"Aprendé a construir aplicaciones reales de java combinando JUnit con buenas prácticas de el garbage collector. Al finalizar el módulo recibirás un certificado y accederás a ejercicios adicionales de persistencia con JPA.","java"
"todavia no me cierra como funciona atributos ARIA, hice un ejemplo copado pero se rompe con datos reales","html"
"no me anda programación orientada a objetos en CodeIgniter, capaz que me falta instalar XAMPP, revisar mañana","php"
"La clase principal de Angular implementa promesas internamente para optimizar el ciclo de vida del componente. Consulte la referencia oficial para más detalles sobre la configuración de Babel.","javascript"
"En esta unidad profundizamos en arquitectura en capas utilizando Entity Framework, ideal para quienes ya conocen lo básico de c#.","c#"
"Aprendé a construir aplicaciones reales de javascript combinando Next.js con buenas prácticas de async/await.","javascript"
"Módulo 6: Aprende a dominar async/await en React desde cero, con proyectos prácticos aplicados a enrutamiento (routing).","javascript"
"Hoy vamos a explorar permisos en runtime en android, un tema que genera muchas dudas entre desarrolladores junior.","android"
"En esta unidad profundizamos en publicación en Google Play utilizando Kotlin Coroutines, ideal para quienes ya conocen lo básico de android.","android"
"Una guía práctica sobre seguridad con Spring Security usando Maven, con ejemplos de código y errores comunes a evitar.","java"
"apunte: el garbage collector en c# es re confuso, preguntarle al profe en la próxima clase","c#"
"Aprendé a construir aplicaciones reales de javascript combinando Vue con buenas prácticas de el bundler webpack. Al finalizar el módulo recibirás un certificado y accederás a ejercicios adicionales de componentes reutilizables.","javascript"
"En este post analizamos las novedades de React y cómo afecta a los proyectos de javascript en producción. Veremos también cómo se integra con Vite en un pipeline de deploy real.","javascript"
"apunte: memoria dinámica en c++ es re confuso, preguntarle al profe en la próxima clase","c++"
"tip del profe: usar Gradle para debuggear JUnit, ahorra un montón de tiempo -- ver video de youtube que recomendó un compañero sobre genéricos","java"
"Aprendé a construir aplicaciones reales de javascript combinando Vue con buenas prácticas de event loop. Al finalizar el módulo recibirás un certificado y accederás a ejercicios adicionales de optimización del bundle.","javascript"
"Tutorial paso a paso para configurar Poetry y empezar a trabajar con NumPy en python. Recordá revisar la documentación oficial antes de llevar esto a producción.","python"
"Firebase expone una API que facilita el uso de layouts XML, siempre que el entorno esté configurado con Firebase Console. Consulte la referencia oficial para más detalles sobre la configuración de Firebase Console.","android"
"Este módulo documenta el uso correcto de chaining de métodos dentro del framework jQuery Mobile, incluyendo parámetros opcionales. Consulte la referencia oficial para más detalles sobre la configuración de Chrome DevTools.","jquery"
"Nota: al utilizar event handlers en jquery, se recomienda validar los tipos de entrada antes de invocar el método principal. Consulte la referencia oficial para más detalles sobre la configuración de npm.","jquery"
"me tira error raro con Django, creo que es tema de versiones de Poetry, googlear despues","python"
"Una guía práctica sobre fetch de datos con AJAX usando Nest.js, con ejemplos de código y errores comunes a evitar. Además incluimos un mini benchmark comparando arrow functions contra el enfoque tradicional.","javascript"
"no me anda entornos virtuales en Django, capaz que me falta instalar conda, revisar mañana","python"
"todavia no me cierra como funciona interfaces funcionales, hice un ejemplo copado pero se rompe con datos reales","java"
"Comparamos MVVM contra otras alternativas del ecosistema c#, enfocándonos en despliegue en Azure y rendimiento. Veremos también cómo se integra con Visual Studio en un pipeline de deploy real.","c#"
"En esta unidad profundizamos en punteros inteligentes utilizando OpenCV, ideal para quienes ya conocen lo básico de c++. Al finalizar el módulo recibirás un certificado y accederás a ejercicios adicionales de punteros inteligentes.","c++"
"Guía rápida: cómo implementar el ciclo de vida en Firebase en menos de 10 minutos.","android"
"Nota: al utilizar Intents en android, se recomienda validar los tipos de entrada antes de invocar el método principal. Consulte la referencia oficial para más detalles sobre la configuración de Firebase Console.","android"
"La clase principal de Vue implementa el spread operator internamente para optimizar el ciclo de vida del componente.","javascript"
"Hoy vamos a explorar el autoloading en php, un tema que genera muchas dudas entre desarrolladores junior. Veremos también cómo se integra con Artisan CLI en un pipeline de deploy real.","php"
"Aprendé a construir aplicaciones reales de jquery combinando jQuery Mobile con buenas prácticas de selectores $().","jquery"
"Guía rápida: cómo implementar plugins en DataTables en menos de 10 minutos. Recordá revisar la documentación oficial antes de llevar esto a producción. Este enfoque también aplica si estás trabajando con Chrome DevTools.","jquery"
"Este módulo documenta el uso correcto de async/await dentro del framework MVVM, incluyendo parámetros opcionales.","c#"
"Hoy vamos a explorar animate() en jquery, un tema que genera muchas dudas entre desarrolladores junior. Veremos también cómo se integra con Chrome DevTools en un pipeline de deploy real. Además incluimos un mini benchmark comparando animate() contra el enfoque tradicional.","jquery"
"Referencia rápida de dataclasses: sintaxis básica, ejemplos y errores comunes en python.","python"
"Una guía práctica sobre formularios accesibles usando Flexbox, con ejemplos de código y errores comunes a evitar. Veremos también cómo se integra con Chrome DevTools en un pipeline de deploy real.","html"
"Paso 1: instalar Chrome DevTools. Paso 2: configurar jQuery UI. Paso 3: probar plugins con un ejemplo mínimo. Recordá revisar la documentación oficial antes de llevar esto a producción.","jquery"
"La clase principal de Celery implementa generadores internamente para optimizar el ciclo de vida del componente. Este comportamiento puede cambiar en versiones futuras de Celery, revisar el changelog.","python"
"¿Vale la pena migrar a Bootstrap con jQuery en 2026? Repasamos ventajas, desventajas y casos de uso reales para manipulación dinámica del DOM. Veremos también cómo se integra con Chrome DevTools en un pipeline de deploy real.","jquery"
"Este módulo documenta el uso correcto de threads dentro del framework Jakarta EE, incluyendo parámetros opcionales. Consulte la referencia oficial para más detalles sobre la configuración de Docker. Este comportamiento puede cambiar en versiones futuras de Jakarta EE, revisar el changelog.","java"
"La funcionalidad layouts XML en LiveData permite declarar componentes sin necesidad de configuración adicional.","android"
"todavia no me cierra como funciona plugins, hice un ejemplo copado pero se rompe con datos reales","jquery"
"La clase principal de Celery implementa type hints internamente para optimizar el ciclo de vida del componente.","python"
"Este módulo documenta el uso correcto de Intents dentro del framework Firebase, incluyendo parámetros opcionales. Consulte la referencia oficial para más detalles sobre la configuración de ADB. Este comportamiento puede cambiar en versiones futuras de Firebase, revisar el changelog.","android"
"Clase 9: punteros inteligentes paso a paso, incluye desafíos de código y un proyecto integrador final en CMake. Al finalizar el módulo recibirás un certificado y accederás a ejercicios adicionales de punteros inteligentes.","c++"
"tip del profe: usar Vite para debuggear React, ahorra un montón de tiempo","javascript"
"Comparamos Qt contra otras alternativas del ecosistema c++, enfocándonos en punteros inteligentes y rendimiento.","c++"
"La funcionalidad excepciones checked en Hibernate permite declarar componentes sin necesidad de configuración adicional. Este comportamiento puede cambiar en versiones futuras de Hibernate, revisar el changelog.","java"
"Tutorial paso a paso para configurar Docker y empezar a trabajar con Spring Boot en java.","java"
"Comparamos Bulma contra otras alternativas del ecosistema html, enfocándonos en diseño con Flexbox y Grid y rendimiento. Veremos también cómo se integra con Chrome DevTools en un pipeline de deploy real. Además incluimos un mini benchmark comparando el DOM contra el enfoque tradicional.","html"
"Tutorial paso a paso para configurar CDN de jQuery y empezar a trabajar con jQuery Mobile en jquery. Este enfoque también aplica si estás trabajando con npm.","jquery"
"La funcionalidad el patrón singleton en Spring Data JPA permite declarar componentes sin necesidad de configuración adicional.","java"
"Curso intensivo de html: dominá Flexbox y meta tags en pocas semanas, con ejercicios evaluados automáticamente.","html"
"apunte: entornos virtuales en python es re confuso, preguntarle al profe en la próxima clase -- ver video de youtube que recomendó un compañero sobre entornos virtuales","python"
"no me anda RAII en Boost, capaz que me falta instalar Makefile, revisar mañana -- ver video de youtube que recomendó un compañero sobre RAII","c++"
"Este módulo documenta el uso correcto de closures dentro del framework Laravel, incluyendo parámetros opcionales.","php"
"Nota: al utilizar hooks en javascript, se recomienda validar los tipos de entrada antes de invocar el método principal. Consulte la referencia oficial para más detalles sobre la configuración de Vite.","javascript"
"Nota: al utilizar props en javascript, se recomienda validar los tipos de entrada antes de invocar el método principal.","javascript"
"La funcionalidad traits en Symfony permite declarar componentes sin necesidad de configuración adicional. Consulte la referencia oficial para más detalles sobre la configuración de XAMPP.","php"
"Tutorial paso a paso para configurar Azure DevOps y empezar a trabajar con WPF en c#.","c#"
"Cheat sheet de Spring Data JPA: los comandos y conceptos de streams que más vas a usar en el día a día. Recordá revisar la documentación oficial antes de llevar esto a producción.","java"
"Este módulo documenta el uso correcto de genéricos dentro del framework Xamarin, incluyendo parámetros opcionales. Consulte la referencia oficial para más detalles sobre la configuración de Visual Studio.","c#"
"Nota: al utilizar decoradores en python, se recomienda validar los tipos de entrada antes de invocar el método principal. Consulte la referencia oficial para más detalles sobre la configuración de Jupyter Notebook.","python"
"En esta unidad profundizamos en desarrollo de plugins de WordPress utilizando Eloquent ORM, ideal para quienes ya conocen lo básico de php. Al finalizar el módulo recibirás un certificado y accederás a ejercicios adicionales de desarrollo de plugins de WordPress.","php"
"Nota: al utilizar RecyclerView en android, se recomienda validar los tipos de entrada antes de invocar el método principal. Este comportamiento puede cambiar en versiones futuras de Android Studio, revisar el changelog.","android"
"Comparamos Tailwind CSS contra otras alternativas del ecosistema html, enfocándonos en estructura semántica y rendimiento. Además incluimos un mini benchmark comparando el DOM contra el enfoque tradicional.","html"
"Tutorial paso a paso para configurar VS Code y empezar a trabajar con Bootstrap en html. Este enfoque también aplica si estás trabajando con VS Code.","html"
"Nota: al utilizar el DOM en html, se recomienda validar los tipos de entrada antes de invocar el método principal. Este comportamiento puede cambiar en versiones futuras de Bootstrap, revisar el changelog.","html"
"La funcionalidad atributos ARIA en CSS Grid permite declarar componentes sin necesidad de configuración adicional.","html"
"Hoy vamos a explorar el spread operator en javascript, un tema que genera muchas dudas entre desarrolladores junior. Veremos también cómo se integra con yarn en un pipeline de deploy real.","javascript"
"Aprendé a construir aplicaciones reales de php combinando Slim Framework con buenas prácticas de PDO.","php"
"En este post analizamos las novedades de Entity Framework y cómo afecta a los proyectos de c# en producción. Veremos también cómo se integra con dotnet CLI en un pipeline de deploy real. Además incluimos un mini benchmark comparando propiedades contra el enfoque tradicional.","c#"
"Curso intensivo de c++: dominá STL y punteros en pocas semanas, con ejercicios evaluados automáticamente. Al finalizar el módulo recibirás un certificado y accederás a ejercicios adicionales de concurrencia con threads.","c++"
"La clase principal de Spring Data JPA implementa anotaciones internamente para optimizar el ciclo de vida del componente.","java"
"Módulo 10: Aprende a dominar el autoloading en Composer desde cero, con proyectos prácticos aplicados a manejo de sesiones.","php"
"La funcionalidad closures en Symfony permite declarar componentes sin necesidad de configuración adicional. Consulte la referencia oficial para más detalles sobre la configuración de XAMPP.","php"
"repasar LINQ para el parcial de c#, no entendí bien el ejemplo de la clase","c#"
"me tira error raro con Android Studio, creo que es tema de versiones de Gradle, googlear despues -- ver video de youtube que recomendó un compañero sobre RecyclerView","android"
"todavia no me cierra como funciona delegados, hice un ejemplo copado pero se rompe con datos reales","c#"
"me tira error raro con Laravel, creo que es tema de versiones de XAMPP, googlear despues","php"
"tip del profe: usar pnpm para debuggear Vue, ahorra un montón de tiempo -- ver video de youtube que recomendó un compañero sobre destructuring","javascript"
"Paso 1: instalar Azure DevOps. Paso 2: configurar Blazor. Paso 3: probar propiedades con un ejemplo mínimo. Recordá revisar la documentación oficial antes de llevar esto a producción.","c#"
"Clase 8: concurrencia con threads paso a paso, incluye desafíos de código y un proyecto integrador final en Spring Data JPA.","java"
"¿Vale la pena migrar a STL en 2026? Repasamos ventajas, desventajas y casos de uso reales para punteros inteligentes.","c++"
"me tira error raro con Gradle, creo que es tema de versiones de Maven, googlear despues","java"
"Clase 9: desarrollo de APIs con FastAPI paso a paso, incluye desafíos de código y un proyecto integrador final en FastAPI.","python"
"En esta unidad profundizamos en estructuras de datos utilizando CMake, ideal para quienes ya conocen lo básico de c++.","c++"
"Clase 2: peticiones AJAX paso a paso, incluye desafíos de código y un proyecto integrador final en jQuery UI.","jquery"
"Módulo 9: Aprende a dominar nullable reference types en MVVM desde cero, con proyectos prácticos aplicados a inyección de dependencias.","c#"
"Referencia rápida de closures: sintaxis básica, ejemplos y errores comunes en javascript. Recordá revisar la documentación oficial antes de llevar esto a producción. Este enfoque también aplica si estás trabajando con pnpm.","javascript"
"Módulo 12: Aprende a dominar el método .ready() en jQuery UI desde cero, con proyectos prácticos aplicados a compatibilidad entre navegadores.","jquery"
"Guía rápida: cómo implementar punteros en Qt en menos de 10 minutos. Este enfoque también aplica si estás trabajando con CMake.","c++"
"Clase 4: testing con Jest paso a paso, incluye desafíos de código y un proyecto integrador final en React.","javascript"
"Comparamos Select2 contra otras alternativas del ecosistema jquery, enfocándonos en peticiones AJAX y rendimiento. Además incluimos un mini benchmark comparando plugins contra el enfoque tradicional.","jquery"
"no me anda referencias en OpenCV, capaz que me falta instalar Visual Studio, revisar mañana -- ver video de youtube que recomendó un compañero sobre referencias","c++"
"Laravel expone una API que facilita el uso de PDO, siempre que el entorno esté configurado con Composer.","php"
"pendiente: terminar el tp de php usando WordPress, me falta la parte de namespaces","php"
"Nota: al utilizar decoradores en python, se recomienda validar los tipos de entrada antes de invocar el método principal. Consulte la referencia oficial para más detalles sobre la configuración de PyCharm.","python"
"¿Vale la pena migrar a Hibernate en 2026? Repasamos ventajas, desventajas y casos de uso reales para persistencia con JPA. Veremos también cómo se integra con IntelliJ IDEA en un pipeline de deploy real.","java"
"En este post analizamos las novedades de Blazor y cómo afecta a los proyectos de c# en producción. Veremos también cómo se integra con Visual Studio Code en un pipeline de deploy real. Además incluimos un mini benchmark comparando el garbage collector contra el enfoque tradicional.","c#"
"Guía rápida: cómo implementar generadores en Pytest en menos de 10 minutos. Recordá revisar la documentación oficial antes de llevar esto a producción.","python"
"La funcionalidad Fragments en Firebase permite declarar componentes sin necesidad de configuración adicional. Consulte la referencia oficial para más detalles sobre la configuración de ADB.","android"
"Aprendé a construir aplicaciones reales de c# combinando ASP.NET Core con buenas prácticas de eventos. Al finalizar el módulo recibirás un certificado y accederás a ejercicios adicionales de arquitectura en capas.","c#"
"no me anda closures en Svelte, capaz que me falta instalar ESLint, revisar mañana -- ver video de youtube que recomendó un compañero sobre closures","javascript"
"no me anda propiedades en Blazor, capaz que me falta instalar NuGet, revisar mañana","c#"
"En esta unidad profundizamos en análisis de datos con pandas utilizando FastAPI, ideal para quienes ya conocen lo básico de python.","python"
"Comparamos Spring Data JPA contra otras alternativas del ecosistema java, enfocándonos en persistencia con JPA y rendimiento.","java"
"Módulo 11: Aprende a dominar manipulación del DOM en DataTables desde cero, con proyectos prácticos aplicados a compatibilidad entre navegadores.","jquery"
"¿Vale la pena migrar a Bootstrap con jQuery en 2026? Repasamos ventajas, desventajas y casos de uso reales para validación de formularios.","jquery"
"Clase 5: peticiones AJAX paso a paso, incluye desafíos de código y un proyecto integrador final en Select2. Al finalizar el módulo recibirás un certificado y accederás a ejercicios adicionales de peticiones AJAX.","jquery"
"Guía rápida: cómo implementar chaining de métodos en Select2 en menos de 10 minutos. Recordá revisar la documentación oficial antes de llevar esto a producción.","jquery"
"Paso 1: instalar Chrome DevTools. Paso 2: configurar Bootstrap con jQuery. Paso 3: probar plugins con un ejemplo mínimo. Recordá revisar la documentación oficial antes de llevar esto a producción.","jquery"
"pendiente: terminar el tp de php usando Eloquent ORM, me falta la parte de namespaces","php"
"Pytest expone una API que facilita el uso de type hints, siempre que el entorno esté configurado con Jupyter Notebook. Consulte la referencia oficial para más detalles sobre la configuración de Jupyter Notebook. Este comportamiento puede cambiar en versiones futuras de Pytest, revisar el changelog.","python"
"no me anda etiquetas semánticas en Tailwind CSS, capaz que me falta instalar Figma, revisar mañana -- ver video de youtube que recomendó un compañero sobre etiquetas semánticas","html"
"Hoy vamos a explorar programación orientada a objetos en php, un tema que genera muchas dudas entre desarrolladores junior.","php"
"Una guía práctica sobre análisis de datos con pandas usando Django, con ejemplos de código y errores comunes a evitar. Además incluimos un mini benchmark comparando list comprehension contra el enfoque tradicional.","python"
"todavia no me cierra como funciona arrow functions, hice un ejemplo copado pero se rompe con datos reales","javascript"
"En este post analizamos las novedades de Laravel y cómo afecta a los proyectos de php en producción. Veremos también cómo se integra con Artisan CLI en un pipeline de deploy real. Además incluimos un mini benchmark comparando traits contra el enfoque tradicional.","php"
"pendiente: terminar el tp de javascript usando React, me falta la parte de módulos ES6 -- ver video de youtube que recomendó un compañero sobre módulos ES6","javascript"
"Este módulo documenta el uso correcto de punteros dentro del framework Qt, incluyendo parámetros opcionales.","c++"
"Paso 1: instalar virtualenv. Paso 2: configurar SQLAlchemy. Paso 3: probar type hints con un ejemplo mínimo. Este enfoque también aplica si estás trabajando con Poetry.","python"
"me tira error raro con DataTables, creo que es tema de versiones de npm, googlear despues","jquery"
"Una guía práctica sobre autenticación con JWT usando Express, con ejemplos de código y errores comunes a evitar. Además incluimos un mini benchmark comparando props contra el enfoque tradicional.","javascript"
"Room expone una API que facilita el uso de RecyclerView, siempre que el entorno esté configurado con Gradle. Consulte la referencia oficial para más detalles sobre la configuración de Gradle. Este comportamiento puede cambiar en versiones futuras de Room, revisar el changelog.","android"
"Bulma expone una API que facilita el uso de el DOM, siempre que el entorno esté configurado con Chrome DevTools. Este comportamiento puede cambiar en versiones futuras de Bulma, revisar el changelog.","html"
"Cheat sheet de Boost: los comandos y conceptos de smart pointers que más vas a usar en el día a día.","c++"
"Curso intensivo de c#: dominá Entity Framework y genéricos en pocas semanas, con ejercicios evaluados automáticamente. Al finalizar el módulo recibirás un certificado y accederás a ejercicios adicionales de desarrollo de APIs REST.","c#"
"Módulo 4: Aprende a dominar selectores $() en jQuery UI desde cero, con proyectos prácticos aplicados a animaciones y efectos. Al finalizar el módulo recibirás un certificado y accederás a ejercicios adicionales de animaciones y efectos.","jquery"
"Guía rápida: cómo implementar el método .ready() en DataTables en menos de 10 minutos. Recordá revisar la documentación oficial antes de llevar esto a producción. Este enfoque también aplica si estás trabajando con CDN de jQuery.","jquery"
"tip del profe: usar NuGet para debuggear ASP.NET Core, ahorra un montón de tiempo -- ver video de youtube que recomendó un compañero sobre records","c#"
"En este post analizamos las novedades de Bulma y cómo afecta a los proyectos de html en producción. Veremos también cómo se integra con VS Code en un pipeline de deploy real.","html"
"Paso 1: instalar Genymotion. Paso 2: configurar Jetpack Compose. Paso 3: probar Intents con un ejemplo mínimo. Recordá revisar la documentación oficial antes de llevar esto a producción.","android"
"MVVM expone una API que facilita el uso de nullable reference types, siempre que el entorno esté configurado con Visual Studio. Consulte la referencia oficial para más detalles sobre la configuración de Visual Studio.","c#"
"Comparamos Flexbox contra otras alternativas del ecosistema html, enfocándonos en maquetación responsive y rendimiento.","html"
"Una guía práctica sobre testing con xUnit usando .NET Core, con ejemplos de código y errores comunes a evitar.","c#"
"Cheat sheet de DataTables: los comandos y conceptos de AJAX que más vas a usar en el día a día.","jquery"
"Spring MVC expone una API que facilita el uso de anotaciones, siempre que el entorno esté configurado con IntelliJ IDEA. Este comportamiento puede cambiar en versiones futuras de Spring MVC, revisar el changelog.","java"
"apunte: genéricos en java es re confuso, preguntarle al profe en la próxima clase","java"
"La funcionalidad el AndroidManifest en Firebase permite declarar componentes sin necesidad de configuración adicional.","android"
"Cheat sheet de Angular: los comandos y conceptos de closures que más vas a usar en el día a día. Recordá revisar la documentación oficial antes de llevar esto a producción.","javascript"
"Curso intensivo de html: dominá CSS Grid y SEO on-page en pocas semanas, con ejercicios evaluados automáticamente.","html"
"En esta unidad profundizamos en optimización de memoria utilizando Room, ideal para quienes ya conocen lo básico de android.","android"
"tip del profe: usar Visual Studio Code para debuggear Xamarin, ahorra un montón de tiempo","c#"
"Retrofit expone una API que facilita el uso de Activities, siempre que el entorno esté configurado con Firebase Console. Consulte la referencia oficial para más detalles sobre la configuración de Firebase Console.","android"
"Curso intensivo de javascript: dominá Angular y props en pocas semanas, con ejercicios evaluados automáticamente. Al finalizar el módulo recibirás un certificado y accederás a ejercicios adicionales de manejo de estado.","javascript"
"Tutorial paso a paso para configurar Chrome DevTools y empezar a trabajar con Select2 en jquery.","jquery"
"En esta unidad profundizamos en testing unitario con JUnit utilizando Maven, ideal para quienes ya conocen lo básico de java.","java"
"Paso 1: instalar Genymotion. Paso 2: configurar LiveData. Paso 3: probar Fragments con un ejemplo mínimo. Recordá revisar la documentación oficial antes de llevar esto a producción.","android"
"Clase 4: peticiones AJAX paso a paso, incluye desafíos de código y un proyecto integrador final en Select2. Al finalizar el módulo recibirás un certificado y accederás a ejercicios adicionales de peticiones AJAX.","jquery"
"todavia no me cierra como funciona formularios, hice un ejemplo copado pero se rompe con datos reales -- ver video de youtube que recomendó un compañero sobre formularios","html"
"En esta unidad profundizamos en automatización de tareas utilizando NumPy, ideal para quienes ya conocen lo básico de python.","python"
"repasar el patrón singleton para el parcial de java, no entendí bien el ejemplo de la clase -- ver video de youtube que recomendó un compañero sobre el patrón singleton","java"
"En esta unidad profundizamos en inyección de dependencias utilizando Entity Framework, ideal para quienes ya conocen lo básico de c#. Al finalizar el módulo recibirás un certificado y accederás a ejercicios adicionales de inyección de dependencias.","c#"
"tip del profe: usar XAMPP para debuggear CodeIgniter, ahorra un montón de tiempo","php"
"Referencia rápida de memoria dinámica: sintaxis básica, ejemplos y errores comunes en c++. Este enfoque también aplica si estás trabajando con Valgrind.","c++"
"no me anda interfaces en Composer, capaz que me falta instalar phpMyAdmin, revisar mañana -- ver video de youtube que recomendó un compañero sobre interfaces","php"
"repasar el garbage collector para el parcial de c#, no entendí bien el ejemplo de la clase -- ver video de youtube que recomendó un compañero sobre el garbage collector","c#"
"Este módulo documenta el uso correcto de el ciclo de vida dentro del framework Jetpack Compose, incluyendo parámetros opcionales. Este comportamiento puede cambiar en versiones futuras de Jetpack Compose, revisar el changelog.","android"
"Clase 5: peticiones AJAX paso a paso, incluye desafíos de código y un proyecto integrador final en Bootstrap con jQuery.","jquery"
"Hoy vamos a explorar inyección de dependencias en java, un tema que genera muchas dudas entre desarrolladores junior. Veremos también cómo se integra con Docker en un pipeline de deploy real.","java"
"Cheat sheet de Boost: los comandos y conceptos de referencias que más vas a usar en el día a día.","c++"
"todavia no me cierra como funciona interfaces, hice un ejemplo copado pero se rompe con datos reales","c#"
"En esta unidad profundizamos en validación de formularios utilizando Bootstrap con jQuery, ideal para quienes ya conocen lo básico de jquery.","jquery"
"En esta unidad profundizamos en testing con xUnit utilizando .NET Core, ideal para quienes ya conocen lo básico de c#. Al finalizar el módulo recibirás un certificado y accederás a ejercicios adicionales de testing con xUnit.","c#"
"En esta unidad profundizamos en plugins personalizados utilizando jQuery UI, ideal para quienes ya conocen lo básico de jquery.","jquery"
"Nota: al utilizar traits en php, se recomienda validar los tipos de entrada antes de invocar el método principal.","php"
"¿Vale la pena migrar a FastAPI en 2026? Repasamos ventajas, desventajas y casos de uso reales para despliegue con Docker. Veremos también cómo se integra con PyCharm en un pipeline de deploy real.","python"
"Este módulo documenta el uso correcto de selectores $() dentro del framework jQuery Mobile, incluyendo parámetros opcionales. Este comportamiento puede cambiar en versiones futuras de jQuery Mobile, revisar el changelog.","jquery"
"Guía rápida: cómo implementar type hints en SQLAlchemy en menos de 10 minutos. Este enfoque también aplica si estás trabajando con Poetry.","python"
"Una guía práctica sobre programación orientada a objetos usando Boost, con ejemplos de código y errores comunes a evitar. Veremos también cómo se integra con GDB en un pipeline de deploy real. Además incluimos un mini benchmark comparando RAII contra el enfoque tradicional.","c++"
"Este módulo documenta el uso correcto de streams dentro del framework Spring Boot, incluyendo parámetros opcionales.","java"
"repasar sobrecarga de operadores para el parcial de c++, no entendí bien el ejemplo de la clase -- ver video de youtube que recomendó un compañero sobre sobrecarga de operadores","c++"
"Hoy vamos a explorar Activities en android, un tema que genera muchas dudas entre desarrolladores junior. Veremos también cómo se integra con ADB en un pipeline de deploy real.","android"
"Aprendé a construir aplicaciones reales de c# combinando Xamarin con buenas prácticas de records.","c#"
"En este post analizamos las novedades de STL y cómo afecta a los proyectos de c++ en producción.","c++"
"Este módulo documenta el uso correcto de memoria dinámica dentro del framework CMake, incluyendo parámetros opcionales.","c++"
"Nota: al utilizar el DOM en html, se recomienda validar los tipos de entrada antes de invocar el método principal. Este comportamiento puede cambiar en versiones futuras de Tailwind CSS, revisar el changelog.","html"
"repasar el AndroidManifest para el parcial de android, no entendí bien el ejemplo de la clase","android"
"Nota: al utilizar excepciones checked en java, se recomienda validar los tipos de entrada antes de invocar el método principal. Consulte la referencia oficial para más detalles sobre la configuración de Docker.","java"
"¿Vale la pena migrar a WordPress en 2026? Repasamos ventajas, desventajas y casos de uso reales para desarrollo de plugins de WordPress. Veremos también cómo se integra con phpMyAdmin en un pipeline de deploy real.","php"
"Clase 1: desarrollo de plugins de WordPress paso a paso, incluye desafíos de código y un proyecto integrador final en Slim Framework.","php"
"Paso 1: instalar Composer. Paso 2: configurar Symfony. Paso 3: probar el autoloading con un ejemplo mínimo.","php"
"Clase 3: persistencia local con Room paso a paso, incluye desafíos de código y un proyecto integrador final en ViewModel.","android"
"no me anda RecyclerView en Retrofit, capaz que me falta instalar Firebase Console, revisar mañana","android"
"Paso 1: instalar Maven. Paso 2: configurar Gradle. Paso 3: probar streams con un ejemplo mínimo. Recordá revisar la documentación oficial antes de llevar esto a producción. Este enfoque también aplica si estás trabajando con Maven.","java"
"Curso intensivo de php: dominá Slim Framework y PDO en pocas semanas, con ejercicios evaluados automáticamente.","php"
"Referencia rápida de el garbage collector: sintaxis básica, ejemplos y errores comunes en c#.","c#"
"Guía rápida: cómo implementar punteros en CMake en menos de 10 minutos. Recordá revisar la documentación oficial antes de llevar esto a producción.","c++"
"Paso 1: instalar Gradle. Paso 2: configurar Firebase. Paso 3: probar permisos en runtime con un ejemplo mínimo.","android"
"Referencia rápida de traits: sintaxis básica, ejemplos y errores comunes en php. Recordá revisar la documentación oficial antes de llevar esto a producción. Este enfoque también aplica si estás trabajando con XAMPP.","php"
"Tutorial paso a paso para configurar Azure DevOps y empezar a trabajar con MVVM en c#. Este enfoque también aplica si estás trabajando con Azure DevOps.","c#"
"Una guía práctica sobre automatización de tareas usando Flask, con ejemplos de código y errores comunes a evitar. Además incluimos un mini benchmark comparando list comprehension contra el enfoque tradicional.","python"
"Este módulo documenta el uso correcto de inyección de dependencias dentro del framework Spring MVC, incluyendo parámetros opcionales.","java"
"En esta unidad profundizamos en consumo de APIs con Retrofit utilizando Firebase, ideal para quienes ya conocen lo básico de android.","android"
"Clase 6: plugins personalizados paso a paso, incluye desafíos de código y un proyecto integrador final en jQuery UI.","jquery"
"SQLAlchemy expone una API que facilita el uso de el GIL, siempre que el entorno esté configurado con pip.","python"
"¿Vale la pena migrar a React en 2026? Repasamos ventajas, desventajas y casos de uso reales para manejo de estado. Veremos también cómo se integra con TypeScript en un pipeline de deploy real. Además incluimos un mini benchmark comparando closures contra el enfoque tradicional.","javascript"
"no me anda useState en Node.js, capaz que me falta instalar pnpm, revisar mañana","javascript"
"Nota: al utilizar SEO on-page en html, se recomienda validar los tipos de entrada antes de invocar el método principal. Consulte la referencia oficial para más detalles sobre la configuración de VS Code.","html"
"Comparamos LiveData contra otras alternativas del ecosistema android, enfocándonos en persistencia local con Room y rendimiento. Veremos también cómo se integra con ADB en un pipeline de deploy real. Además incluimos un mini benchmark comparando permisos en runtime contra el enfoque tradicional.","android"
"Aprendé a construir aplicaciones reales de java combinando Maven con buenas prácticas de genéricos. Al finalizar el módulo recibirás un certificado y accederás a ejercicios adicionales de testing unitario con JUnit.","java"
"¿Vale la pena migrar a Laravel en 2026? Repasamos ventajas, desventajas y casos de uso reales para conexión a bases de datos con PDO. Además incluimos un mini benchmark comparando interfaces contra el enfoque tradicional.","php"
"FastAPI expone una API que facilita el uso de el GIL, siempre que el entorno esté configurado con pip. Consulte la referencia oficial para más detalles sobre la configuración de pip. Este comportamiento puede cambiar en versiones futuras de FastAPI, revisar el changelog.","python"
"Referencia rápida de namespaces: sintaxis básica, ejemplos y errores comunes en c++. Este enfoque también aplica si estás trabajando con Visual Studio.","c++"
"Cheat sheet de Spring Boot: los comandos y conceptos de excepciones checked que más vas a usar en el día a día. Recordá revisar la documentación oficial antes de llevar esto a producción.","java"
"Hoy vamos a explorar sobrecarga de operadores en c++, un tema que genera muchas dudas entre desarrolladores junior. Veremos también cómo se integra con g++ en un pipeline de deploy real.","c++"
"no me anda middlewares en Laravel, capaz que me falta instalar XAMPP, revisar mañana","php"
"Tutorial paso a paso para configurar Genymotion y empezar a trabajar con Jetpack Compose en android. Recordá revisar la documentación oficial antes de llevar esto a producción. Este enfoque también aplica si estás trabajando con Gradle.","android"
"tip del profe: usar Android Studio para debuggear Jetpack Compose, ahorra un montón de tiempo","android"
"no me anda manipulación del DOM en jQuery Mobile, capaz que me falta instalar Chrome DevTools, revisar mañana","jquery"
"Hoy vamos a explorar async/await en c#, un tema que genera muchas dudas entre desarrolladores junior. Veremos también cómo se integra con Visual Studio Code en un pipeline de deploy real. Además incluimos un mini benchmark comparando async/await contra el enfoque tradicional.","c#"
"Cheat sheet de Qt: los comandos y conceptos de la stack y el heap que más vas a usar en el día a día. Recordá revisar la documentación oficial antes de llevar esto a producción.","c++"
"La clase principal de ASP.NET Core implementa records internamente para optimizar el ciclo de vida del componente. Consulte la referencia oficial para más detalles sobre la configuración de Visual Studio. Este comportamiento puede cambiar en versiones futuras de ASP.NET Core, revisar el changelog.","c#"
"tip del profe: usar Chrome DevTools para debuggear Flexbox, ahorra un montón de tiempo -- ver video de youtube que recomendó un compañero sobre el DOM","html"
"Guía rápida: cómo implementar formularios en Tailwind CSS en menos de 10 minutos. Este enfoque también aplica si estás trabajando con VS Code.","html"
"Select2 expone una API que facilita el uso de animate(), siempre que el entorno esté configurado con Chrome DevTools.","jquery"
"Comparamos Android Studio contra otras alternativas del ecosistema android, enfocándonos en optimización de memoria y rendimiento. Además incluimos un mini benchmark comparando Activities contra el enfoque tradicional.","android"
"Hoy vamos a explorar event handlers en jquery, un tema que genera muchas dudas entre desarrolladores junior. Veremos también cómo se integra con npm en un pipeline de deploy real. Además incluimos un mini benchmark comparando event handlers contra el enfoque tradicional.","jquery"
"todavia no me cierra como funciona event handlers, hice un ejemplo copado pero se rompe con datos reales -- ver video de youtube que recomendó un compañero sobre event handlers","jquery"
"Paso 1: instalar Babel. Paso 2: configurar React. Paso 3: probar módulos ES6 con un ejemplo mínimo. Recordá revisar la documentación oficial antes de llevar esto a producción.","javascript"
"Clase 6: compatibilidad entre navegadores paso a paso, incluye desafíos de código y un proyecto integrador final en Flexbox.","html"
"Bootstrap expone una API que facilita el uso de el DOM, siempre que el entorno esté configurado con VS Code.","html"
"Flexbox expone una API que facilita el uso de SEO on-page, siempre que el entorno esté configurado con Figma. Consulte la referencia oficial para más detalles sobre la configuración de Figma.","html"
"Comparamos jQuery UI contra otras alternativas del ecosistema jquery, enfocándonos en validación de formularios y rendimiento. Veremos también cómo se integra con CDN de jQuery en un pipeline de deploy real.","jquery"
"Módulo 7: Aprende a dominar formularios en Flexbox desde cero, con proyectos prácticos aplicados a maquetación responsive. Al finalizar el módulo recibirás un certificado y accederás a ejercicios adicionales de maquetación responsive.","html"
"Paso 1: instalar Poetry. Paso 2: configurar FastAPI. Paso 3: probar list comprehension con un ejemplo mínimo. Recordá revisar la documentación oficial antes de llevar esto a producción.","python"
"no me anda eventos en ASP.NET Core, capaz que me falta instalar dotnet CLI, revisar mañana -- ver video de youtube que recomendó un compañero sobre eventos","c#"
"Curso intensivo de javascript: dominá Vue y useEffect en pocas semanas, con ejercicios evaluados automáticamente.","javascript"
"Referencia rápida de interfaces: sintaxis básica, ejemplos y errores comunes en php. Recordá revisar la documentación oficial antes de llevar esto a producción.","php"
"En esta unidad profundizamos en concurrencia con threads utilizando CMake, ideal para quienes ya conocen lo básico de c++.","c++"
"Curso intensivo de jquery: dominá jQuery UI y el método .ready() en pocas semanas, con ejercicios evaluados automáticamente. Al finalizar el módulo recibirás un certificado y accederás a ejercicios adicionales de manipulación dinámica del DOM.","jquery"
"Cheat sheet de Xamarin: los comandos y conceptos de LINQ que más vas a usar en el día a día. Recordá revisar la documentación oficial antes de llevar esto a producción. Este enfoque también aplica si estás trabajando con Visual Studio Code.","c#"
"Este módulo documenta el uso correcto de meta tags dentro del framework Bulma, incluyendo parámetros opcionales. Consulte la referencia oficial para más detalles sobre la configuración de Figma.","html"
"no me anda sobrecarga de operadores en STL, capaz que me falta instalar CMake, revisar mañana","c++"
"Cheat sheet de Angular: los comandos y conceptos de props que más vas a usar en el día a día. Este enfoque también aplica si estás trabajando con pnpm.","javascript"
"En este post analizamos las novedades de Android Studio y cómo afecta a los proyectos de android en producción. Además incluimos un mini benchmark comparando el AndroidManifest contra el enfoque tradicional.","android"
"Guía rápida: cómo implementar atributos ARIA en Flexbox en menos de 10 minutos. Recordá revisar la documentación oficial antes de llevar esto a producción.","html"
"Aprendé a construir aplicaciones reales de c++ combinando Qt con buenas prácticas de sobrecarga de operadores. Al finalizar el módulo recibirás un certificado y accederás a ejercicios adicionales de optimización de rendimiento.","c++"
"Express expone una API que facilita el uso de callbacks, siempre que el entorno esté configurado con pnpm. Consulte la referencia oficial para más detalles sobre la configuración de pnpm. Este comportamiento puede cambiar en versiones futuras de Express, revisar el changelog.","javascript"
"Comparamos jQuery Mobile contra otras alternativas del ecosistema jquery, enfocándonos en peticiones AJAX y rendimiento.","jquery"
"Referencia rápida de excepciones checked: sintaxis básica, ejemplos y errores comunes en java. Este enfoque también aplica si estás trabajando con Eclipse.","java"
"Paso 1: instalar Valgrind. Paso 2: configurar STL. Paso 3: probar memoria dinámica con un ejemplo mínimo. Este enfoque también aplica si estás trabajando con Visual Studio.","c++"
"Guía rápida: cómo implementar hooks en Angular en menos de 10 minutos.","javascript"
"La funcionalidad plugins en DataTables permite declarar componentes sin necesidad de configuración adicional. Consulte la referencia oficial para más detalles sobre la configuración de Chrome DevTools. Este comportamiento puede cambiar en versiones futuras de DataTables, revisar el changelog.","jquery"
"Guía rápida: cómo implementar punteros en Qt en menos de 10 minutos.","c++"
"Cheat sheet de Maven: los comandos y conceptos de streams que más vas a usar en el día a día. Recordá revisar la documentación oficial antes de llevar esto a producción. Este enfoque también aplica si estás trabajando con IntelliJ IDEA.","java"
"Módulo 4: Aprende a dominar responsive design en CSS Grid desde cero, con proyectos prácticos aplicados a compatibilidad entre navegadores. Al finalizar el módulo recibirás un certificado y accederás a ejercicios adicionales de compatibilidad entre navegadores.","html"
"Curso intensivo de javascript: dominá Svelte y closures en pocas semanas, con ejercicios evaluados automáticamente. Al finalizar el módulo recibirás un certificado y accederás a ejercicios adicionales de manejo de estado.","javascript"
"La funcionalidad el garbage collector en Spring MVC permite declarar componentes sin necesidad de configuración adicional. Consulte la referencia oficial para más detalles sobre la configuración de Maven. Este comportamiento puede cambiar en versiones futuras de Spring MVC, revisar el changelog.","java"
"Paso 1: instalar Android Studio. Paso 2: configurar Retrofit. Paso 3: probar Activities con un ejemplo mínimo. Recordá revisar la documentación oficial antes de llevar esto a producción. Este enfoque también aplica si estás trabajando con Firebase Console.","android"
"La funcionalidad la stack y el heap en Qt permite declarar componentes sin necesidad de configuración adicional. Este comportamiento puede cambiar en versiones futuras de Qt, revisar el changelog.","c++"
"Hoy vamos a explorar formularios en html, un tema que genera muchas dudas entre desarrolladores junior. Además incluimos un mini benchmark comparando formularios contra el enfoque tradicional.","html"
"Curso intensivo de python: dominá Celery y entornos virtuales en pocas semanas, con ejercicios evaluados automáticamente. Al finalizar el módulo recibirás un certificado y accederás a ejercicios adicionales de testing con pytest.","python"
"Tutorial paso a paso para configurar Chrome DevTools y empezar a trabajar con jQuery UI en jquery. Este enfoque también aplica si estás trabajando con Chrome DevTools.","jquery"
"pendiente: terminar el tp de javascript usando Express, me falta la parte de event loop","javascript"
"Una guía práctica sobre autenticación con JWT usando Nest.js, con ejemplos de código y errores comunes a evitar.","javascript"
"no me anda promesas en Node.js, capaz que me falta instalar webpack, revisar mañana -- ver video de youtube que recomendó un compañero sobre promesas","javascript"
"LiveData expone una API que facilita el uso de permisos en runtime, siempre que el entorno esté configurado con Firebase Console.","android"
"Cheat sheet de Pytest: los comandos y conceptos de generadores que más vas a usar en el día a día. Recordá revisar la documentación oficial antes de llevar esto a producción.","python"
"Tutorial paso a paso para configurar Figma y empezar a trabajar con Bootstrap en html. Este enfoque también aplica si estás trabajando con Chrome DevTools.","html"
"En esta unidad profundizamos en conexión a bases de datos con PDO utilizando Symfony, ideal para quienes ya conocen lo básico de php.","php"
"Clase 9: validación de formularios paso a paso, incluye desafíos de código y un proyecto integrador final en Select2.","jquery"
"Tutorial paso a paso para configurar GDB y empezar a trabajar con Boost en c++.","c++"
"En esta unidad profundizamos en Entity Framework Core utilizando .NET Core, ideal para quienes ya conocen lo básico de c#. Al finalizar el módulo recibirás un certificado y accederás a ejercicios adicionales de Entity Framework Core.","c#"
"Este módulo documenta el uso correcto de layouts XML dentro del framework Room, incluyendo parámetros opcionales. Este comportamiento puede cambiar en versiones futuras de Room, revisar el changelog.","android"
"En esta unidad profundizamos en automatización de tareas utilizando Flask, ideal para quienes ya conocen lo básico de python.","python"
"no me anda records en Xamarin, capaz que me falta instalar Azure DevOps, revisar mañana","c#"
"Hoy vamos a explorar namespaces en php, un tema que genera muchas dudas entre desarrolladores junior. Además incluimos un mini benchmark comparando namespaces contra el enfoque tradicional.","php"
"repasar nullable reference types para el parcial de c#, no entendí bien el ejemplo de la clase","c#"
"La clase principal de Select2 implementa event handlers internamente para optimizar el ciclo de vida del componente. Consulte la referencia oficial para más detalles sobre la configuración de Chrome DevTools.","jquery"
"¿Vale la pena migrar a Firebase en 2026? Repasamos ventajas, desventajas y casos de uso reales para notificaciones push. Además incluimos un mini benchmark comparando el AndroidManifest contra el enfoque tradicional.","android"
"no me anda Fragments en LiveData, capaz que me falta instalar Gradle, revisar mañana -- ver video de youtube que recomendó un compañero sobre Fragments","android"
"Hoy vamos a explorar responsive design en html, un tema que genera muchas dudas entre desarrolladores junior. Además incluimos un mini benchmark comparando responsive design contra el enfoque tradicional.","html"
"apunte: el método .ready() en jquery es re confuso, preguntarle al profe en la próxima clase","jquery"
"Tutorial paso a paso para configurar PHPUnit y empezar a trabajar con Slim Framework en php. Este enfoque también aplica si estás trabajando con phpMyAdmin.","php"
"Curso intensivo de python: dominá Pandas y generadores en pocas semanas, con ejercicios evaluados automáticamente.","python"
"Nota: al utilizar dataclasses en python, se recomienda validar los tipos de entrada antes de invocar el método principal.","python"
"me tira error raro con STL, creo que es tema de versiones de GDB, googlear despues -- ver video de youtube que recomendó un compañero sobre referencias","c++"
"En este post analizamos las novedades de DataTables y cómo afecta a los proyectos de jquery en producción. Además incluimos un mini benchmark comparando manipulación del DOM contra el enfoque tradicional.","jquery"
"La funcionalidad excepciones checked en JUnit permite declarar componentes sin necesidad de configuración adicional.","java"
"La clase principal de Xamarin implementa interfaces internamente para optimizar el ciclo de vida del componente.","c#"
"Comparamos DataTables contra otras alternativas del ecosistema jquery, enfocándonos en manipulación dinámica del DOM y rendimiento. Veremos también cómo se integra con npm en un pipeline de deploy real.","jquery"
"Cheat sheet de ViewModel: los comandos y conceptos de RecyclerView que más vas a usar en el día a día.","android"
"¿Vale la pena migrar a CMake en 2026? Repasamos ventajas, desventajas y casos de uso reales para gestión manual de memoria.","c++"
"Una guía práctica sobre arquitectura en capas usando Blazor, con ejemplos de código y errores comunes a evitar.","c#"
"¿Vale la pena migrar a Maven en 2026? Repasamos ventajas, desventajas y casos de uso reales para seguridad con Spring Security. Veremos también cómo se integra con Gradle en un pipeline de deploy real.","java"
"Pandas expone una API que facilita el uso de list comprehension, siempre que el entorno esté configurado con PyCharm. Consulte la referencia oficial para más detalles sobre la configuración de PyCharm.","python"
"todavia no me cierra como funciona SEO on-page, hice un ejemplo copado pero se rompe con datos reales","html"
"Clase 7: testing unitario con JUnit paso a paso, incluye desafíos de código y un proyecto integrador final en Jakarta EE. Al finalizar el módulo recibirás un certificado y accederás a ejercicios adicionales de testing unitario con JUnit.","java"
"Cheat sheet de Svelte: los comandos y conceptos de async/await que más vas a usar en el día a día. Este enfoque también aplica si estás trabajando con TypeScript.","javascript"
"Paso 1: instalar Makefile. Paso 2: configurar OpenCV. Paso 3: probar templates con un ejemplo mínimo.","c++"
"Curso intensivo de c#: dominá Xamarin y async/await en pocas semanas, con ejercicios evaluados automáticamente. Al finalizar el módulo recibirás un certificado y accederás a ejercicios adicionales de Entity Framework Core.","c#"
"Una guía práctica sobre manejo del ciclo de vida usando Firebase, con ejemplos de código y errores comunes a evitar. Además incluimos un mini benchmark comparando permisos en runtime contra el enfoque tradicional.","android"
"Referencia rápida de el GIL: sintaxis básica, ejemplos y errores comunes en python. Recordá revisar la documentación oficial antes de llevar esto a producción.","python"
"Módulo 9: Aprende a dominar punteros en Qt desde cero, con proyectos prácticos aplicados a programación orientada a objetos.","c++"
"Comparamos Svelte contra otras alternativas del ecosistema javascript, enfocándonos en manejo de estado y rendimiento. Veremos también cómo se integra con pnpm en un pipeline de deploy real. Además incluimos un mini benchmark comparando arrow functions contra el enfoque tradicional.","javascript"
"tip del profe: usar CDN de jQuery para debuggear jQuery Mobile, ahorra un montón de tiempo","jquery"
"Comparamos Tailwind CSS contra otras alternativas del ecosistema html, enfocándonos en diseño con Flexbox y Grid y rendimiento. Además incluimos un mini benchmark comparando meta tags contra el enfoque tradicional.","html"
"no me anda manipulación del DOM en Bootstrap con jQuery, capaz que me falta instalar CDN de jQuery, revisar mañana -- ver video de youtube que recomendó un compañero sobre manipulación del DOM","jquery"
"me tira error raro con Express, creo que es tema de versiones de npm, googlear despues","javascript"
"Nota: al utilizar delegados en c#, se recomienda validar los tipos de entrada antes de invocar el método principal.","c#"
"Cheat sheet de Firebase: los comandos y conceptos de el ciclo de vida que más vas a usar en el día a día. Recordá revisar la documentación oficial antes de llevar esto a producción.","android"
"Curso intensivo de java: dominá Jakarta EE y excepciones checked en pocas semanas, con ejercicios evaluados automáticamente. Al finalizar el módulo recibirás un certificado y accederás a ejercicios adicionales de despliegue en contenedores.","java"
"Nota: al utilizar memoria dinámica en c++, se recomienda validar los tipos de entrada antes de invocar el método principal. Consulte la referencia oficial para más detalles sobre la configuración de Visual Studio.","c++"
"En esta unidad profundizamos en animaciones y efectos utilizando Select2, ideal para quienes ya conocen lo básico de jquery. Al finalizar el módulo recibirás un certificado y accederás a ejercicios adicionales de animaciones y efectos.","jquery"
"no me anda event handlers en Bootstrap con jQuery, capaz que me falta instalar Chrome DevTools, revisar mañana","jquery"
"Flexbox expone una API que facilita el uso de atributos ARIA, siempre que el entorno esté configurado con VS Code. Este comportamiento puede cambiar en versiones futuras de Flexbox, revisar el changelog.","html"
"Una guía práctica sobre concurrencia con threads usando Spring Data JPA, con ejemplos de código y errores comunes a evitar.","java"
"Clase 6: procesamiento de datos con NumPy paso a paso, incluye desafíos de código y un proyecto integrador final en FastAPI. Al finalizar el módulo recibirás un certificado y accederás a ejercicios adicionales de procesamiento de datos con NumPy.","python"
"Paso 1: instalar Docker. Paso 2: configurar Spring Data JPA. Paso 3: probar el garbage collector con un ejemplo mínimo. Recordá revisar la documentación oficial antes de llevar esto a producción.","java"
"Referencia rápida de decoradores: sintaxis básica, ejemplos y errores comunes en python. Este enfoque también aplica si estás trabajando con pip.","python"
"Express expone una API que facilita el uso de props, siempre que el entorno esté configurado con yarn. Consulte la referencia oficial para más detalles sobre la configuración de yarn.","javascript"
"¿Vale la pena migrar a Hibernate en 2026? Repasamos ventajas, desventajas y casos de uso reales para arquitectura de microservicios. Veremos también cómo se integra con Gradle en un pipeline de deploy real.","java"
"Módulo 6: Aprende a dominar generadores en NumPy desde cero, con proyectos prácticos aplicados a desarrollo de APIs con FastAPI.","python"
"WPF expone una API que facilita el uso de records, siempre que el entorno esté configurado con NuGet. Consulte la referencia oficial para más detalles sobre la configuración de NuGet.","c#"
"En este post analizamos las novedades de Blazor y cómo afecta a los proyectos de c# en producción. Veremos también cómo se integra con NuGet en un pipeline de deploy real.","c#"
"repasar hooks para el parcial de javascript, no entendí bien el ejemplo de la clase","javascript"
"repasar el método .ready() para el parcial de jquery, no entendí bien el ejemplo de la clase","jquery"
"Paso 1: instalar pip. Paso 2: configurar FastAPI. Paso 3: probar list comprehension con un ejemplo mínimo.","python"
"Clase 6: optimización de memoria paso a paso, incluye desafíos de código y un proyecto integrador final en Firebase.","android"
"todavia no me cierra como funciona list comprehension, hice un ejemplo copado pero se rompe con datos reales -- ver video de youtube que recomendó un compañero sobre list comprehension","python"
"En esta unidad profundizamos en compatibilidad entre navegadores utilizando Bulma, ideal para quienes ya conocen lo básico de html. Al finalizar el módulo recibirás un certificado y accederás a ejercicios adicionales de compatibilidad entre navegadores.","html"
"Comparamos OpenCV contra otras alternativas del ecosistema c++, enfocándonos en punteros inteligentes y rendimiento. Veremos también cómo se integra con GDB en un pipeline de deploy real.","c++"
"Nota: al utilizar accesibilidad (a11y) en html, se recomienda validar los tipos de entrada antes de invocar el método principal. Este comportamiento puede cambiar en versiones futuras de Bootstrap, revisar el changelog.","html"
"Hoy vamos a explorar propiedades en c#, un tema que genera muchas dudas entre desarrolladores junior. Veremos también cómo se integra con Azure DevOps en un pipeline de deploy real. Además incluimos un mini benchmark comparando propiedades contra el enfoque tradicional.","c#"
"Guía rápida: cómo implementar accesibilidad (a11y) en Bulma en menos de 10 minutos. Recordá revisar la documentación oficial antes de llevar esto a producción.","html"
"Aprendé a construir aplicaciones reales de python combinando SQLAlchemy con buenas prácticas de list comprehension. Al finalizar el módulo recibirás un certificado y accederás a ejercicios adicionales de desarrollo de APIs con FastAPI.","python"
"Una guía práctica sobre manejo de excepciones usando Gradle, con ejemplos de código y errores comunes a evitar. Además incluimos un mini benchmark comparando excepciones checked contra el enfoque tradicional.","java"
"Paso 1: instalar Jupyter Notebook. Paso 2: configurar Flask. Paso 3: probar dataclasses con un ejemplo mínimo.","python"
"Paso 1: instalar ADB. Paso 2: configurar Android Studio. Paso 3: probar layouts XML con un ejemplo mínimo.","android"
"En este post analizamos las novedades de Pandas y cómo afecta a los proyectos de python en producción. Veremos también cómo se integra con virtualenv en un pipeline de deploy real.","python"
"Una guía práctica sobre diseño con Flexbox y Grid usando Bulma, con ejemplos de código y errores comunes a evitar. Además incluimos un mini benchmark comparando responsive design contra el enfoque tradicional.","html"
"pendiente: terminar el tp de c++ usando Qt, me falta la parte de memoria dinámica -- ver video de youtube que recomendó un compañero sobre memoria dinámica","c++"
"pendiente: terminar el tp de android usando ViewModel, me falta la parte de permisos en runtime","android"
"no me anda hooks en Svelte, capaz que me falta instalar Babel, revisar mañana","javascript"
"Aprendé a construir aplicaciones reales de javascript combinando Next.js con buenas prácticas de módulos ES6. Al finalizar el módulo recibirás un certificado y accederás a ejercicios adicionales de fetch de datos con AJAX.","javascript"
"tip del profe: usar CDN de jQuery para debuggear jQuery Mobile, ahorra un montón de tiempo -- ver video de youtube que recomendó un compañero sobre el método .ready()","jquery"
"pendiente: terminar el tp de jquery usando Bootstrap con jQuery, me falta la parte de el método .ready()","jquery"
"¿Vale la pena migrar a Node.js en 2026? Repasamos ventajas, desventajas y casos de uso reales para manejo de estado. Veremos también cómo se integra con yarn en un pipeline de deploy real. Además incluimos un mini benchmark comparando arrow functions contra el enfoque tradicional.","javascript"
"En este post analizamos las novedades de jQuery Mobile y cómo afecta a los proyectos de jquery en producción. Veremos también cómo se integra con CDN de jQuery en un pipeline de deploy real.","jquery"
"Módulo 9: Aprende a dominar atributos ARIA en Bootstrap desde cero, con proyectos prácticos aplicados a estructura semántica.","html"
"En este post analizamos las novedades de Bootstrap y cómo afecta a los proyectos de html en producción. Además incluimos un mini benchmark comparando el DOM contra el enfoque tradicional.","html"
"Hoy vamos a explorar middlewares en php, un tema que genera muchas dudas entre desarrolladores junior. Veremos también cómo se integra con Artisan CLI en un pipeline de deploy real. Además incluimos un mini benchmark comparando middlewares contra el enfoque tradicional.","php"
"Paso 1: instalar PHPUnit. Paso 2: configurar CodeIgniter. Paso 3: probar middlewares con un ejemplo mínimo.","php"
"Cheat sheet de ASP.NET Core: los comandos y conceptos de interfaces que más vas a usar en el día a día. Recordá revisar la documentación oficial antes de llevar esto a producción.","c#"
"Aprendé a construir aplicaciones reales de python combinando Celery con buenas prácticas de list comprehension. Al finalizar el módulo recibirás un certificado y accederás a ejercicios adicionales de procesamiento de datos con NumPy.","python"
"En esta unidad profundizamos en arquitectura de microservicios utilizando Spring Boot, ideal para quienes ya conocen lo básico de java. Al finalizar el módulo recibirás un certificado y accederás a ejercicios adicionales de arquitectura de microservicios.","java"
"Paso 1: instalar Visual Studio. Paso 2: configurar OpenCV. Paso 3: probar referencias con un ejemplo mínimo. Recordá revisar la documentación oficial antes de llevar esto a producción.","c++"
"La clase principal de WPF implementa delegados internamente para optimizar el ciclo de vida del componente.","c#"
"Curso intensivo de c++: dominá Boost y RAII en pocas semanas, con ejercicios evaluados automáticamente.","c++"
"Referencia rápida de sobrecarga de operadores: sintaxis básica, ejemplos y errores comunes en c++. Recordá revisar la documentación oficial antes de llevar esto a producción.","c++"
"Este módulo documenta el uso correcto de genéricos dentro del framework Jakarta EE, incluyendo parámetros opcionales.","java"
"Este módulo documenta el uso correcto de nullable reference types dentro del framework WPF, incluyendo parámetros opcionales. Este comportamiento puede cambiar en versiones futuras de WPF, revisar el changelog.","c#"
"Guía rápida: cómo implementar Intents en Kotlin Coroutines en menos de 10 minutos. Recordá revisar la documentación oficial antes de llevar esto a producción.","android"
"¿Vale la pena migrar a Bulma en 2026? Repasamos ventajas, desventajas y casos de uso reales para diseño con Flexbox y Grid. Veremos también cómo se integra con VS Code en un pipeline de deploy real.","html"
"Módulo 8: Aprende a dominar chaining de métodos en DataTables desde cero, con proyectos prácticos aplicados a validación de formularios.","jquery"
"todavia no me cierra como funciona la JVM, hice un ejemplo copado pero se rompe con datos reales","java"
"pendiente: terminar el tp de android usando Firebase, me falta la parte de RecyclerView","android"
"En esta unidad profundizamos en APIs RESTful utilizando CodeIgniter, ideal para quienes ya conocen lo básico de php. Al finalizar el módulo recibirás un certificado y accederás a ejercicios adicionales de APIs RESTful.","php"
"pendiente: terminar el tp de c++ usando STL, me falta la parte de punteros","c++"
"Una guía práctica sobre enrutamiento (routing) usando Svelte, con ejemplos de código y errores comunes a evitar. Además incluimos un mini benchmark comparando useState contra el enfoque tradicional.","javascript"
"En este post analizamos las novedades de ASP.NET Core y cómo afecta a los proyectos de c# en producción.","c#"
"Referencia rápida de el garbage collector: sintaxis básica, ejemplos y errores comunes en c#. Recordá revisar la documentación oficial antes de llevar esto a producción. Este enfoque también aplica si estás trabajando con Azure DevOps.","c#"
"Curso intensivo de android: dominá Room y Intents en pocas semanas, con ejercicios evaluados automáticamente.","android"
"Referencia rápida de RAII: sintaxis básica, ejemplos y errores comunes en c++.","c++"
"todavia no me cierra como funciona traits, hice un ejemplo copado pero se rompe con datos reales","php"
"Tailwind CSS expone una API que facilita el uso de atributos ARIA, siempre que el entorno esté configurado con VS Code.","html"
"En este post analizamos las novedades de Entity Framework y cómo afecta a los proyectos de c# en producción. Además incluimos un mini benchmark comparando interfaces contra el enfoque tradicional.","c#"
"Nota: al utilizar referencias en c++, se recomienda validar los tipos de entrada antes de invocar el método principal. Consulte la referencia oficial para más detalles sobre la configuración de CMake.","c++"
"pendiente: terminar el tp de php usando Laravel, me falta la parte de PDO","php"
"Módulo 7: Aprende a dominar generadores en NumPy desde cero, con proyectos prácticos aplicados a procesamiento de datos con NumPy.","python"
"Tutorial paso a paso para configurar virtualenv y empezar a trabajar con Pandas en python. Recordá revisar la documentación oficial antes de llevar esto a producción. Este enfoque también aplica si estás trabajando con PyCharm.","python"
"Referencia rápida de nullable reference types: sintaxis básica, ejemplos y errores comunes en c#. Este enfoque también aplica si estás trabajando con Azure DevOps.","c#"
"me tira error raro con Room, creo que es tema de versiones de Firebase Console, googlear despues","android"
"Comparamos CMake contra otras alternativas del ecosistema c++, enfocándonos en gestión manual de memoria y rendimiento. Veremos también cómo se integra con Visual Studio en un pipeline de deploy real.","c++"
"En esta unidad profundizamos en programación orientada a objetos utilizando STL, ideal para quienes ya conocen lo básico de c++.","c++"
"Comparamos Boost contra otras alternativas del ecosistema c++, enfocándonos en optimización de rendimiento y rendimiento.","c++"
"Cheat sheet de Maven: los comandos y conceptos de herencia que más vas a usar en el día a día. Recordá revisar la documentación oficial antes de llevar esto a producción.","java"
"La clase principal de Slim Framework implementa traits internamente para optimizar el ciclo de vida del componente. Consulte la referencia oficial para más detalles sobre la configuración de Artisan CLI.","php"
"pendiente: terminar el tp de c++ usando Qt, me falta la parte de smart pointers","c++"
"La clase principal de Room implementa Intents internamente para optimizar el ciclo de vida del componente. Consulte la referencia oficial para más detalles sobre la configuración de ADB.","android"
"Una guía práctica sobre formularios accesibles usando Flexbox, con ejemplos de código y errores comunes a evitar.","html"
"Paso 1: instalar Poetry. Paso 2: configurar Flask. Paso 3: probar list comprehension con un ejemplo mínimo. Recordá revisar la documentación oficial antes de llevar esto a producción. Este enfoque también aplica si estás trabajando con conda.","python"
"Paso 1: instalar Chrome DevTools. Paso 2: configurar jQuery UI. Paso 3: probar plugins con un ejemplo mínimo.","jquery"
"Comparamos Bootstrap contra otras alternativas del ecosistema html, enfocándonos en optimización SEO y rendimiento.","html"
"La clase principal de SQLAlchemy implementa context managers internamente para optimizar el ciclo de vida del componente. Consulte la referencia oficial para más detalles sobre la configuración de virtualenv.","python"
"Módulo 9: Aprende a dominar plugins en jQuery Mobile desde cero, con proyectos prácticos aplicados a manipulación dinámica del DOM. Al finalizar el módulo recibirás un certificado y accederás a ejercicios adicionales de manipulación dinámica del DOM.","jquery"
"Cheat sheet de CSS Grid: los comandos y conceptos de responsive design que más vas a usar en el día a día. Recordá revisar la documentación oficial antes de llevar esto a producción. Este enfoque también aplica si estás trabajando con Lighthouse.","html"
"Guía rápida: cómo implementar delegados en WPF en menos de 10 minutos. Recordá revisar la documentación oficial antes de llevar esto a producción. Este enfoque también aplica si estás trabajando con Azure DevOps.","c#"
"Guía rápida: cómo implementar el DOM en Bulma en menos de 10 minutos.","html"
"Hoy vamos a explorar atributos ARIA en html, un tema que genera muchas dudas entre desarrolladores junior. Además incluimos un mini benchmark comparando atributos ARIA contra el enfoque tradicional.","html"
"En esta unidad profundizamos en análisis de datos con pandas utilizando Flask, ideal para quienes ya conocen lo básico de python.","python"
"Composer expone una API que facilita el uso de el autoloading, siempre que el entorno esté configurado con XAMPP. Consulte la referencia oficial para más detalles sobre la configuración de XAMPP. Este comportamiento puede cambiar en versiones futuras de Composer, revisar el changelog.","php"
"Hoy vamos a explorar delegados en c#, un tema que genera muchas dudas entre desarrolladores junior. Veremos también cómo se integra con dotnet CLI en un pipeline de deploy real.","c#"
"Una guía práctica sobre compatibilidad entre navegadores usando Bulma, con ejemplos de código y errores comunes a evitar. Además incluimos un mini benchmark comparando atributos ARIA contra el enfoque tradicional.","html"
"me tira error raro con ASP.NET Core, creo que es tema de versiones de Visual Studio, googlear despues -- ver video de youtube que recomendó un compañero sobre interfaces","c#"
"Curso intensivo de html: dominá Bootstrap y accesibilidad (a11y) en pocas semanas, con ejercicios evaluados automáticamente.","html"
"Tutorial paso a paso para configurar Artisan CLI y empezar a trabajar con Laravel en php.","php"
"todavia no me cierra como funciona genéricos, hice un ejemplo copado pero se rompe con datos reales -- ver video de youtube que recomendó un compañero sobre genéricos","java"
"Comparamos Bootstrap contra otras alternativas del ecosistema html, enfocándonos en formularios accesibles y rendimiento. Además incluimos un mini benchmark comparando meta tags contra el enfoque tradicional.","html"
"no me anda namespaces en Slim Framework, capaz que me falta instalar XAMPP, revisar mañana","php"
"Nota: al utilizar el GIL en python, se recomienda validar los tipos de entrada antes de invocar el método principal. Consulte la referencia oficial para más detalles sobre la configuración de Poetry. Este comportamiento puede cambiar en versiones futuras de NumPy, revisar el changelog.","python"
"todavia no me cierra como funciona RecyclerView, hice un ejemplo copado pero se rompe con datos reales","android"
"Guía rápida: cómo implementar el spread operator en React en menos de 10 minutos. Recordá revisar la documentación oficial antes de llevar esto a producción.","javascript"
"En esta unidad profundizamos en autenticación con JWT utilizando Nest.js, ideal para quienes ya conocen lo básico de javascript. Al finalizar el módulo recibirás un certificado y accederás a ejercicios adicionales de autenticación con JWT.","javascript"
"Este módulo documenta el uso correcto de Intents dentro del framework Android Studio, incluyendo parámetros opcionales. Consulte la referencia oficial para más detalles sobre la configuración de Gradle. Este comportamiento puede cambiar en versiones futuras de Android Studio, revisar el changelog.","android"
"Módulo 3: Aprende a dominar programación orientada a objetos en Laravel desde cero, con proyectos prácticos aplicados a manejo de sesiones.","php"
"Guía rápida: cómo implementar anotaciones en Spring Boot en menos de 10 minutos.","java"
"Cheat sheet de DataTables: los comandos y conceptos de chaining de métodos que más vas a usar en el día a día. Recordá revisar la documentación oficial antes de llevar esto a producción.","jquery"
"pendiente: terminar el tp de jquery usando Select2, me falta la parte de AJAX","jquery"
".NET Core expone una API que facilita el uso de delegados, siempre que el entorno esté configurado con Visual Studio. Consulte la referencia oficial para más detalles sobre la configuración de Visual Studio.","c#"
"Comparamos Bootstrap con jQuery contra otras alternativas del ecosistema jquery, enfocándonos en compatibilidad entre navegadores y rendimiento.","jquery"
"Aprendé a construir aplicaciones reales de java combinando Spring Data JPA con buenas prácticas de herencia. Al finalizar el módulo recibirás un certificado y accederás a ejercicios adicionales de persistencia con JPA.","java"
"Tutorial paso a paso para configurar CDN de jQuery y empezar a trabajar con jQuery Mobile en jquery. Este enfoque también aplica si estás trabajando con CDN de jQuery.","jquery"
"Comparamos Eloquent ORM contra otras alternativas del ecosistema php, enfocándonos en desarrollo de plugins de WordPress y rendimiento. Además incluimos un mini benchmark comparando programación orientada a objetos contra el enfoque tradicional.","php"
"La clase principal de WPF implementa nullable reference types internamente para optimizar el ciclo de vida del componente. Consulte la referencia oficial para más detalles sobre la configuración de Visual Studio.","c#"
"¿Vale la pena migrar a Flexbox en 2026? Repasamos ventajas, desventajas y casos de uso reales para formularios accesibles. Además incluimos un mini benchmark comparando SEO on-page contra el enfoque tradicional.","html"
"Paso 1: instalar npm. Paso 2: configurar jQuery UI. Paso 3: probar animate() con un ejemplo mínimo. Recordá revisar la documentación oficial antes de llevar esto a producción.","jquery"
"Guía rápida: cómo implementar async/await en MVVM en menos de 10 minutos. Este enfoque también aplica si estás trabajando con Azure DevOps.","c#"
"React expone una API que facilita el uso de useState, siempre que el entorno esté configurado con npm. Consulte la referencia oficial para más detalles sobre la configuración de npm. Este comportamiento puede cambiar en versiones futuras de React, revisar el changelog.","javascript"
"La clase principal de Flask implementa entornos virtuales internamente para optimizar el ciclo de vida del componente. Consulte la referencia oficial para más detalles sobre la configuración de conda. Este comportamiento puede cambiar en versiones futuras de Flask, revisar el changelog.","python"
"no me anda namespaces en CodeIgniter, capaz que me falta instalar Artisan CLI, revisar mañana","php"
"me tira error raro con Hibernate, creo que es tema de versiones de Maven, googlear despues","java"
"La clase principal de Android Studio implementa Intents internamente para optimizar el ciclo de vida del componente. Consulte la referencia oficial para más detalles sobre la configuración de Gradle. Este comportamiento puede cambiar en versiones futuras de Android Studio, revisar el changelog.","android"
"pendiente: terminar el tp de android usando Jetpack Compose, me falta la parte de el ciclo de vida","android"
"Paso 1: instalar Visual Studio Code. Paso 2: configurar MVVM. Paso 3: probar genéricos con un ejemplo mínimo. Recordá revisar la documentación oficial antes de llevar esto a producción.","c#"
"Una guía práctica sobre desarrollo de APIs con FastAPI usando Pandas, con ejemplos de código y errores comunes a evitar.","python"
"pendiente: terminar el tp de c# usando .NET Core, me falta la parte de el garbage collector","c#"
"repasar list comprehension para el parcial de python, no entendí bien el ejemplo de la clase","python"
"tip del profe: usar dotnet CLI para debuggear ASP.NET Core, ahorra un montón de tiempo","c#"
"pendiente: terminar el tp de javascript usando Svelte, me falta la parte de módulos ES6","javascript"
"Tutorial paso a paso para configurar webpack y empezar a trabajar con Svelte en javascript. Este enfoque también aplica si estás trabajando con Babel.","javascript"
"Comparamos WordPress contra otras alternativas del ecosistema php, enfocándonos en conexión a bases de datos con PDO y rendimiento.","php"
"Referencia rápida de hooks: sintaxis básica, ejemplos y errores comunes en javascript. Recordá revisar la documentación oficial antes de llevar esto a producción. Este enfoque también aplica si estás trabajando con TypeScript.","javascript"
"Curso intensivo de android: dominá Android Studio y Activities en pocas semanas, con ejercicios evaluados automáticamente.","android"
"Nota: al utilizar list comprehension en python, se recomienda validar los tipos de entrada antes de invocar el método principal.","python"
"repasar la stack y el heap para el parcial de c++, no entendí bien el ejemplo de la clase -- ver video de youtube que recomendó un compañero sobre la stack y el heap","c++"
"jQuery Mobile expone una API que facilita el uso de animate(), siempre que el entorno esté configurado con Chrome DevTools. Consulte la referencia oficial para más detalles sobre la configuración de Chrome DevTools.","jquery"
"Paso 1: instalar Android Studio. Paso 2: configurar Android Studio. Paso 3: probar Intents con un ejemplo mínimo.","android"
"todavia no me cierra como funciona dataclasses, hice un ejemplo copado pero se rompe con datos reales -- ver video de youtube que recomendó un compañero sobre dataclasses","python"
"Referencia rápida de AJAX: sintaxis básica, ejemplos y errores comunes en jquery.","jquery"
"pendiente: terminar el tp de jquery usando jQuery Mobile, me falta la parte de el método .ready()","jquery"
"Entity Framework expone una API que facilita el uso de interfaces, siempre que el entorno esté configurado con Visual Studio Code. Consulte la referencia oficial para más detalles sobre la configuración de Visual Studio Code.","c#"
"¿Vale la pena migrar a Qt en 2026? Repasamos ventajas, desventajas y casos de uso reales para gestión manual de memoria.","c++"
"Curso intensivo de python: dominá Flask y type hints en pocas semanas, con ejercicios evaluados automáticamente.","python"
"Una guía práctica sobre autenticación de usuarios usando Eloquent ORM, con ejemplos de código y errores comunes a evitar.","php"
"En este post analizamos las novedades de Jetpack Compose y cómo afecta a los proyectos de android en producción. Además incluimos un mini benchmark comparando Activities contra el enfoque tradicional.","android"
"La clase principal de Express implementa useState internamente para optimizar el ciclo de vida del componente. Consulte la referencia oficial para más detalles sobre la configuración de yarn. Este comportamiento puede cambiar en versiones futuras de Express, revisar el changelog.","javascript"
"apunte: context managers en python es re confuso, preguntarle al profe en la próxima clase -- ver video de youtube que recomendó un compañero sobre context managers","python"
"Referencia rápida de referencias: sintaxis básica, ejemplos y errores comunes en c++. Este enfoque también aplica si estás trabajando con CMake.","c++"
"Hoy vamos a explorar el garbage collector en c#, un tema que genera muchas dudas entre desarrolladores junior. Además incluimos un mini benchmark comparando el garbage collector contra el enfoque tradicional.","c#"
"Comparamos Tailwind CSS contra otras alternativas del ecosistema html, enfocándonos en diseño con Flexbox y Grid y rendimiento. Veremos también cómo se integra con Lighthouse en un pipeline de deploy real. Además incluimos un mini benchmark comparando meta tags contra el enfoque tradicional.","html"
"Referencia rápida de Intents: sintaxis básica, ejemplos y errores comunes en android. Este enfoque también aplica si estás trabajando con ADB.","android"
"Paso 1: instalar VS Code. Paso 2: configurar Bulma. Paso 3: probar accesibilidad (a11y) con un ejemplo mínimo. Recordá revisar la documentación oficial antes de llevar esto a producción.","html"
"En esta unidad profundizamos en optimización del bundle utilizando Nest.js, ideal para quienes ya conocen lo básico de javascript. Al finalizar el módulo recibirás un certificado y accederás a ejercicios adicionales de optimización del bundle.","javascript"
"Una guía práctica sobre optimización del bundle usando Angular, con ejemplos de código y errores comunes a evitar. Veremos también cómo se integra con TypeScript en un pipeline de deploy real. Además incluimos un mini benchmark comparando módulos ES6 contra el enfoque tradicional.","javascript"
"Curso intensivo de python: dominá Flask y list comprehension en pocas semanas, con ejercicios evaluados automáticamente. Al finalizar el módulo recibirás un certificado y accederás a ejercicios adicionales de testing con pytest.","python"
"La clase principal de Tailwind CSS implementa el DOM internamente para optimizar el ciclo de vida del componente. Consulte la referencia oficial para más detalles sobre la configuración de VS Code. Este comportamiento puede cambiar en versiones futuras de Tailwind CSS, revisar el changelog.","html"
"apunte: el patrón singleton en java es re confuso, preguntarle al profe en la próxima clase -- ver video de youtube que recomendó un compañero sobre el patrón singleton","java"
"Comparamos OpenCV contra otras alternativas del ecosistema c++, enfocándonos en programación orientada a objetos y rendimiento. Veremos también cómo se integra con Makefile en un pipeline de deploy real.","c++"
"Cheat sheet de Composer: los comandos y conceptos de programación orientada a objetos que más vas a usar en el día a día.","php"
"Cheat sheet de Nest.js: los comandos y conceptos de useEffect que más vas a usar en el día a día. Este enfoque también aplica si estás trabajando con yarn.","javascript"
"Cheat sheet de Qt: los comandos y conceptos de templates que más vas a usar en el día a día.","c++"
"La clase principal de Composer implementa programación orientada a objetos internamente para optimizar el ciclo de vida del componente. Consulte la referencia oficial para más detalles sobre la configuración de Composer.","php"
"Hoy vamos a explorar la JVM en java, un tema que genera muchas dudas entre desarrolladores junior. Veremos también cómo se integra con Docker en un pipeline de deploy real.","java"
"Comparamos Qt contra otras alternativas del ecosistema c++, enfocándonos en gestión manual de memoria y rendimiento. Además incluimos un mini benchmark comparando referencias contra el enfoque tradicional.","c++"
"Cheat sheet de Pandas: los comandos y conceptos de decoradores que más vas a usar en el día a día.","python"
"Clase 4: concurrencia con threads paso a paso, incluye desafíos de código y un proyecto integrador final en Maven.","java"
"La clase principal de Vue implementa closures internamente para optimizar el ciclo de vida del componente.","javascript"
"Una guía práctica sobre conexión a bases de datos con PDO usando Laravel, con ejemplos de código y errores comunes a evitar.","php"
"repasar middlewares para el parcial de php, no entendí bien el ejemplo de la clase -- ver video de youtube que recomendó un compañero sobre middlewares","php"
"¿Vale la pena migrar a Boost en 2026? Repasamos ventajas, desventajas y casos de uso reales para optimización de rendimiento. Veremos también cómo se integra con CMake en un pipeline de deploy real. Además incluimos un mini benchmark comparando smart pointers contra el enfoque tradicional.","c++"
"Bootstrap expone una API que facilita el uso de etiquetas semánticas, siempre que el entorno esté configurado con Chrome DevTools. Consulte la referencia oficial para más detalles sobre la configuración de Chrome DevTools. Este comportamiento puede cambiar en versiones futuras de Bootstrap, revisar el changelog.","html"
"no me anda dataclasses en FastAPI, capaz que me falta instalar pip, revisar mañana","python"
"Nota: al utilizar Intents en android, se recomienda validar los tipos de entrada antes de invocar el método principal. Este comportamiento puede cambiar en versiones futuras de ViewModel, revisar el changelog.","android"
"Módulo 6: Aprende a dominar el GIL en Pytest desde cero, con proyectos prácticos aplicados a web scraping. Al finalizar el módulo recibirás un certificado y accederás a ejercicios adicionales de web scraping.","python"
"Una guía práctica sobre manejo de sesiones usando Composer, con ejemplos de código y errores comunes a evitar. Además incluimos un mini benchmark comparando programación orientada a objetos contra el enfoque tradicional.","php"
"Referencia rápida de delegados: sintaxis básica, ejemplos y errores comunes en c#. Recordá revisar la documentación oficial antes de llevar esto a producción.","c#"
"La funcionalidad Activities en Kotlin Coroutines permite declarar componentes sin necesidad de configuración adicional.","android"
"En esta unidad profundizamos en manejo del ciclo de vida utilizando Retrofit, ideal para quienes ya conocen lo básico de android. Al finalizar el módulo recibirás un certificado y accederás a ejercicios adicionales de manejo del ciclo de vida.","android"
"no me anda generadores en Pandas, capaz que me falta instalar conda, revisar mañana -- ver video de youtube que recomendó un compañero sobre generadores","python"
"Referencia rápida de generadores: sintaxis básica, ejemplos y errores comunes en python. Recordá revisar la documentación oficial antes de llevar esto a producción.","python"
"Módulo 8: Aprende a dominar el GIL en Flask desde cero, con proyectos prácticos aplicados a procesamiento de datos con NumPy. Al finalizar el módulo recibirás un certificado y accederás a ejercicios adicionales de procesamiento de datos con NumPy.","python"
"En este post analizamos las novedades de CSS Grid y cómo afecta a los proyectos de html en producción. Veremos también cómo se integra con Lighthouse en un pipeline de deploy real.","html"
"tip del profe: usar Figma para debuggear Flexbox, ahorra un montón de tiempo","html"
"Clase 11: concurrencia con threads paso a paso, incluye desafíos de código y un proyecto integrador final en Maven. Al finalizar el módulo recibirás un certificado y accederás a ejercicios adicionales de concurrencia con threads.","java"
"pendiente: terminar el tp de c++ usando STL, me falta la parte de la stack y el heap","c++"
"Nota: al utilizar entornos virtuales en python, se recomienda validar los tipos de entrada antes de invocar el método principal. Consulte la referencia oficial para más detalles sobre la configuración de Jupyter Notebook.","python"
"Nota: al utilizar type hints en python, se recomienda validar los tipos de entrada antes de invocar el método principal. Consulte la referencia oficial para más detalles sobre la configuración de pip.","python"
"Curso intensivo de python: dominá Pandas y el GIL en pocas semanas, con ejercicios evaluados automáticamente. Al finalizar el módulo recibirás un certificado y accederás a ejercicios adicionales de automatización de tareas.","python"
"Tutorial paso a paso para configurar Visual Studio y empezar a trabajar con Boost en c++. Recordá revisar la documentación oficial antes de llevar esto a producción.","c++"
"Una guía práctica sobre optimización SEO usando Flexbox, con ejemplos de código y errores comunes a evitar. Veremos también cómo se integra con Lighthouse en un pipeline de deploy real.","html"
"Comparamos Boost contra otras alternativas del ecosistema c++, enfocándonos en gestión manual de memoria y rendimiento. Veremos también cómo se integra con g++ en un pipeline de deploy real. Además incluimos un mini benchmark comparando namespaces contra el enfoque tradicional.","c++"
"repasar smart pointers para el parcial de c++, no entendí bien el ejemplo de la clase","c++"
"Cheat sheet de Firebase: los comandos y conceptos de Activities que más vas a usar en el día a día.","android"
"todavia no me cierra como funciona async/await, hice un ejemplo copado pero se rompe con datos reales","c#"
"repasar interfaces para el parcial de c#, no entendí bien el ejemplo de la clase -- ver video de youtube que recomendó un compañero sobre interfaces","c#"
"En este post analizamos las novedades de DataTables y cómo afecta a los proyectos de jquery en producción. Veremos también cómo se integra con CDN de jQuery en un pipeline de deploy real.","jquery"
"tip del profe: usar Valgrind para debuggear Qt, ahorra un montón de tiempo","c++"
"Curso intensivo de php: dominá CodeIgniter y middlewares en pocas semanas, con ejercicios evaluados automáticamente. Al finalizar el módulo recibirás un certificado y accederás a ejercicios adicionales de manejo de sesiones.","php"
"Paso 1: instalar pip. Paso 2: configurar Pytest. Paso 3: probar el GIL con un ejemplo mínimo.","python"
"Next.js expone una API que facilita el uso de props, siempre que el entorno esté configurado con pnpm.","javascript"
"Nota: al utilizar el DOM virtual en javascript, se recomienda validar los tipos de entrada antes de invocar el método principal.","javascript"
"En este post analizamos las novedades de Jetpack Compose y cómo afecta a los proyectos de android en producción. Además incluimos un mini benchmark comparando Intents contra el enfoque tradicional.","android"
"En este post analizamos las novedades de Node.js y cómo afecta a los proyectos de javascript en producción. Además incluimos un mini benchmark comparando props contra el enfoque tradicional.","javascript"
"Aprendé a construir aplicaciones reales de php combinando Composer con buenas prácticas de el autoloading.","php"
"Cheat sheet de React: los comandos y conceptos de arrow functions que más vas a usar en el día a día. Recordá revisar la documentación oficial antes de llevar esto a producción.","javascript"
"Clase 10: programación orientada a objetos paso a paso, incluye desafíos de código y un proyecto integrador final en Boost.","c++"
"me tira error raro con Firebase, creo que es tema de versiones de Firebase Console, googlear despues","android"
"La clase principal de Nest.js implementa el bundler webpack internamente para optimizar el ciclo de vida del componente.","javascript"
"Referencia rápida de callbacks: sintaxis básica, ejemplos y errores comunes en javascript.","javascript"
"Cheat sheet de Nest.js: los comandos y conceptos de módulos ES6 que más vas a usar en el día a día.","javascript"
"Referencia rápida de streams: sintaxis básica, ejemplos y errores comunes en java. Recordá revisar la documentación oficial antes de llevar esto a producción.","java"
"tip del profe: usar Chrome DevTools para debuggear Bootstrap, ahorra un montón de tiempo","html"
"La funcionalidad LINQ en ASP.NET Core permite declarar componentes sin necesidad de configuración adicional.","c#"
"Tutorial paso a paso para configurar ESLint y empezar a trabajar con Svelte en javascript. Este enfoque también aplica si estás trabajando con pnpm.","javascript"
"¿Vale la pena migrar a FastAPI en 2026? Repasamos ventajas, desventajas y casos de uso reales para automatización de tareas.","python"
"Guía rápida: cómo implementar eventos en WPF en menos de 10 minutos. Este enfoque también aplica si estás trabajando con Visual Studio.","c#"
"Guía rápida: cómo implementar type hints en Pytest en menos de 10 minutos. Recordá revisar la documentación oficial antes de llevar esto a producción.","python"
"Guía rápida: cómo implementar memoria dinámica en CMake en menos de 10 minutos. Recordá revisar la documentación oficial antes de llevar esto a producción.","c++"
"La clase principal de CMake implementa referencias internamente para optimizar el ciclo de vida del componente.","c++"
"La funcionalidad async/await en Entity Framework permite declarar componentes sin necesidad de configuración adicional. Consulte la referencia oficial para más detalles sobre la configuración de Azure DevOps.","c#"
"Paso 1: instalar NuGet. Paso 2: configurar .NET Core. Paso 3: probar LINQ con un ejemplo mínimo.","c#"
"tip del profe: usar Genymotion para debuggear Kotlin Coroutines, ahorra un montón de tiempo -- ver video de youtube que recomendó un compañero sobre el ciclo de vida","android"
"Comparamos Tailwind CSS contra otras alternativas del ecosistema html, enfocándonos en compatibilidad entre navegadores y rendimiento. Veremos también cómo se integra con Figma en un pipeline de deploy real.","html"
"Módulo 7: Aprende a dominar records en WPF desde cero, con proyectos prácticos aplicados a Entity Framework Core.","c#"
"La funcionalidad etiquetas semánticas en Tailwind CSS permite declarar componentes sin necesidad de configuración adicional. Este comportamiento puede cambiar en versiones futuras de Tailwind CSS, revisar el changelog.","html"
"Este módulo documenta el uso correcto de streams dentro del framework Spring Data JPA, incluyendo parámetros opcionales. Este comportamiento puede cambiar en versiones futuras de Spring Data JPA, revisar el changelog.","java"
"Nota: al utilizar eventos en c#, se recomienda validar los tipos de entrada antes de invocar el método principal.","c#"
"Una guía práctica sobre formularios accesibles usando Bootstrap, con ejemplos de código y errores comunes a evitar.","html"
"Guía rápida: cómo implementar genéricos en Maven en menos de 10 minutos. Este enfoque también aplica si estás trabajando con Maven.","java"
"me tira error raro con CMake, creo que es tema de versiones de g++, googlear despues -- ver video de youtube que recomendó un compañero sobre punteros","c++"
"Comparamos Express contra otras alternativas del ecosistema javascript, enfocándonos en fetch de datos con AJAX y rendimiento. Veremos también cómo se integra con Babel en un pipeline de deploy real.","javascript"
"La funcionalidad excepciones checked en Jakarta EE permite declarar componentes sin necesidad de configuración adicional.","java"
"Paso 1: instalar Chrome DevTools. Paso 2: configurar CSS Grid. Paso 3: probar el DOM con un ejemplo mínimo. Este enfoque también aplica si estás trabajando con VS Code.","html"
"Módulo 6: Aprende a dominar manipulación del DOM en jQuery UI desde cero, con proyectos prácticos aplicados a plugins personalizados.","jquery"
"En esta unidad profundizamos en consumo de APIs con Retrofit utilizando Android Studio, ideal para quienes ya conocen lo básico de android.","android"
"En esta unidad profundizamos en desarrollo de APIs con FastAPI utilizando Pytest, ideal para quienes ya conocen lo básico de python.","python"
"Una guía práctica sobre testing con xUnit usando Xamarin, con ejemplos de código y errores comunes a evitar. Además incluimos un mini benchmark comparando genéricos contra el enfoque tradicional.","c#"
"La clase principal de jQuery Mobile implementa plugins internamente para optimizar el ciclo de vida del componente. Consulte la referencia oficial para más detalles sobre la configuración de npm.","jquery"
"Guía rápida: cómo implementar threads en JUnit en menos de 10 minutos.","java"
"jQuery Mobile expone una API que facilita el uso de plugins, siempre que el entorno esté configurado con Chrome DevTools. Consulte la referencia oficial para más detalles sobre la configuración de Chrome DevTools.","jquery"
"pendiente: terminar el tp de html usando Flexbox, me falta la parte de formularios","html"
"Cheat sheet de Qt: los comandos y conceptos de punteros que más vas a usar en el día a día. Este enfoque también aplica si estás trabajando con Makefile.","c++"
"Nota: al utilizar polimorfismo en java, se recomienda validar los tipos de entrada antes de invocar el método principal.","java"
"Cheat sheet de ViewModel: los comandos y conceptos de Intents que más vas a usar en el día a día. Recordá revisar la documentación oficial antes de llevar esto a producción.","android"
"no me anda event loop en Nest.js, capaz que me falta instalar yarn, revisar mañana","javascript"
"apunte: plugins en jquery es re confuso, preguntarle al profe en la próxima clase","jquery"
"Referencia rápida de el DOM: sintaxis básica, ejemplos y errores comunes en html. Este enfoque también aplica si estás trabajando con Lighthouse.","html"
"¿Vale la pena migrar a Bootstrap en 2026? Repasamos ventajas, desventajas y casos de uso reales para compatibilidad entre navegadores.","html"
"Módulo 1: Aprende a dominar polimorfismo en Jakarta EE desde cero, con proyectos prácticos aplicados a arquitectura de microservicios. Al finalizar el módulo recibirás un certificado y accederás a ejercicios adicionales de arquitectura de microservicios.","java"
"¿Vale la pena migrar a Bulma en 2026? Repasamos ventajas, desventajas y casos de uso reales para diseño con Flexbox y Grid. Además incluimos un mini benchmark comparando formularios contra el enfoque tradicional.","html"
"Cheat sheet de Spring Boot: los comandos y conceptos de el garbage collector que más vas a usar en el día a día.","java"
"Kotlin Coroutines expone una API que facilita el uso de Fragments, siempre que el entorno esté configurado con Android Studio. Consulte la referencia oficial para más detalles sobre la configuración de Android Studio.","android"
"apunte: el garbage collector en java es re confuso, preguntarle al profe en la próxima clase","java"
"Hoy vamos a explorar Intents en android, un tema que genera muchas dudas entre desarrolladores junior. Veremos también cómo se integra con Genymotion en un pipeline de deploy real.","android"
"Hoy vamos a explorar context managers en python, un tema que genera muchas dudas entre desarrolladores junior.","python"
"Guía rápida: cómo implementar decoradores en SQLAlchemy en menos de 10 minutos. Recordá revisar la documentación oficial antes de llevar esto a producción. Este enfoque también aplica si estás trabajando con Poetry.","python"
"En este post analizamos las novedades de Svelte y cómo afecta a los proyectos de javascript en producción.","javascript"
"La funcionalidad useEffect en Angular permite declarar componentes sin necesidad de configuración adicional. Este comportamiento puede cambiar en versiones futuras de Angular, revisar el changelog.","javascript"
"pendiente: terminar el tp de html usando Bulma, me falta la parte de responsive design","html"
"Cheat sheet de Blazor: los comandos y conceptos de LINQ que más vas a usar en el día a día.","c#"
"Módulo 7: Aprende a dominar namespaces en OpenCV desde cero, con proyectos prácticos aplicados a punteros inteligentes.","c++"
"Clase 10: concurrencia con threads paso a paso, incluye desafíos de código y un proyecto integrador final en Boost. Al finalizar el módulo recibirás un certificado y accederás a ejercicios adicionales de concurrencia con threads.","c++"
"Hoy vamos a explorar event handlers en jquery, un tema que genera muchas dudas entre desarrolladores junior. Veremos también cómo se integra con npm en un pipeline de deploy real.","jquery"
"Cheat sheet de Vue: los comandos y conceptos de hooks que más vas a usar en el día a día.","javascript"
"Bulma expone una API que facilita el uso de SEO on-page, siempre que el entorno esté configurado con Chrome DevTools. Consulte la referencia oficial para más detalles sobre la configuración de Chrome DevTools.","html"
"Next.js expone una API que facilita el uso de destructuring, siempre que el entorno esté configurado con Babel. Consulte la referencia oficial para más detalles sobre la configuración de Babel.","javascript"
"Paso 1: instalar CDN de jQuery. Paso 2: configurar Bootstrap con jQuery. Paso 3: probar event handlers con un ejemplo mínimo. Recordá revisar la documentación oficial antes de llevar esto a producción.","jquery"
"La funcionalidad threads en Spring Boot permite declarar componentes sin necesidad de configuración adicional. Consulte la referencia oficial para más detalles sobre la configuración de Docker.","java"
"repasar responsive design para el parcial de html, no entendí bien el ejemplo de la clase","html"
"Comparamos Spring MVC contra otras alternativas del ecosistema java, enfocándonos en concurrencia con threads y rendimiento. Veremos también cómo se integra con Tomcat en un pipeline de deploy real. Además incluimos un mini benchmark comparando la JVM contra el enfoque tradicional.","java"
"Curso intensivo de javascript: dominá Node.js y closures en pocas semanas, con ejercicios evaluados automáticamente.","javascript"
"En este post analizamos las novedades de Bulma y cómo afecta a los proyectos de html en producción. Además incluimos un mini benchmark comparando accesibilidad (a11y) contra el enfoque tradicional.","html"
"¿Vale la pena migrar a NumPy en 2026? Repasamos ventajas, desventajas y casos de uso reales para desarrollo de APIs con FastAPI.","python"
"no me anda animate() en DataTables, capaz que me falta instalar CDN de jQuery, revisar mañana -- ver video de youtube que recomendó un compañero sobre animate()","jquery"
"¿Vale la pena migrar a SQLAlchemy en 2026? Repasamos ventajas, desventajas y casos de uso reales para despliegue con Docker. Veremos también cómo se integra con pip en un pipeline de deploy real.","python"
"¿Vale la pena migrar a Tailwind CSS en 2026? Repasamos ventajas, desventajas y casos de uso reales para diseño con Flexbox y Grid.","html"
"Slim Framework expone una API que facilita el uso de el autoloading, siempre que el entorno esté configurado con XAMPP. Consulte la referencia oficial para más detalles sobre la configuración de XAMPP. Este comportamiento puede cambiar en versiones futuras de Slim Framework, revisar el changelog.","php"
"todavia no me cierra como funciona useState, hice un ejemplo copado pero se rompe con datos reales","javascript"
"pendiente: terminar el tp de javascript usando Next.js, me falta la parte de destructuring","javascript"
"La clase principal de Node.js implementa arrow functions internamente para optimizar el ciclo de vida del componente. Consulte la referencia oficial para más detalles sobre la configuración de TypeScript.","javascript"
"Cheat sheet de Angular: los comandos y conceptos de destructuring que más vas a usar en el día a día. Recordá revisar la documentación oficial antes de llevar esto a producción.","javascript"
"Referencia rápida de eventos: sintaxis básica, ejemplos y errores comunes en c#.","c#"
"En esta unidad profundizamos en análisis de datos con pandas utilizando NumPy, ideal para quienes ya conocen lo básico de python.","python"
"pendiente: terminar el tp de java usando Hibernate, me falta la parte de inyección de dependencias","java"
"En este post analizamos las novedades de Flask y cómo afecta a los proyectos de python en producción. Veremos también cómo se integra con Poetry en un pipeline de deploy real.","python"
"Una guía práctica sobre concurrencia con threads usando Qt, con ejemplos de código y errores comunes a evitar.","c++"
"Este módulo documenta el uso correcto de entornos virtuales dentro del framework Pytest, incluyendo parámetros opcionales.","python"
"Angular expone una API que facilita el uso de destructuring, siempre que el entorno esté configurado con Babel. Consulte la referencia oficial para más detalles sobre la configuración de Babel.","javascript"
"Clase 7: inyección de dependencias paso a paso, incluye desafíos de código y un proyecto integrador final en WPF.","c#"
"Guía rápida: cómo implementar arrow functions en Vue en menos de 10 minutos. Este enfoque también aplica si estás trabajando con webpack.","javascript"
"Guía rápida: cómo implementar accesibilidad (a11y) en Bootstrap en menos de 10 minutos. Recordá revisar la documentación oficial antes de llevar esto a producción. Este enfoque también aplica si estás trabajando con VS Code.","html"
"tip del profe: usar TypeScript para debuggear Nest.js, ahorra un montón de tiempo -- ver video de youtube que recomendó un compañero sobre useEffect","javascript"
"Hoy vamos a explorar generadores en python, un tema que genera muchas dudas entre desarrolladores junior.","python"
"Clase 5: notificaciones push paso a paso, incluye desafíos de código y un proyecto integrador final en Retrofit.","android"
"Bootstrap con jQuery expone una API que facilita el uso de plugins, siempre que el entorno esté configurado con Chrome DevTools. Consulte la referencia oficial para más detalles sobre la configuración de Chrome DevTools.","jquery"
"Paso 1: instalar pnpm. Paso 2: configurar Express. Paso 3: probar destructuring con un ejemplo mínimo. Este enfoque también aplica si estás trabajando con yarn.","javascript"
"apunte: el AndroidManifest en android es re confuso, preguntarle al profe en la próxima clase","android"
"En esta unidad profundizamos en compilación y linking utilizando Qt, ideal para quienes ya conocen lo básico de c++. Al finalizar el módulo recibirás un certificado y accederás a ejercicios adicionales de compilación y linking.","c++"
"Cheat sheet de Entity Framework: los comandos y conceptos de delegados que más vas a usar en el día a día. Recordá revisar la documentación oficial antes de llevar esto a producción. Este enfoque también aplica si estás trabajando con Azure DevOps.","c#"
"Clase 7: arquitectura en capas paso a paso, incluye desafíos de código y un proyecto integrador final en Blazor.","c#"
"Comparamos Retrofit contra otras alternativas del ecosistema android, enfocándonos en consumo de APIs con Retrofit y rendimiento. Veremos también cómo se integra con ADB en un pipeline de deploy real.","android"
"Una guía práctica sobre gestión manual de memoria usando OpenCV, con ejemplos de código y errores comunes a evitar. Veremos también cómo se integra con CMake en un pipeline de deploy real.","c++"
"Referencia rápida de generadores: sintaxis básica, ejemplos y errores comunes en python.","python"
"Boost expone una API que facilita el uso de memoria dinámica, siempre que el entorno esté configurado con g++. Consulte la referencia oficial para más detalles sobre la configuración de g++.","c++"
"Slim Framework expone una API que facilita el uso de PDO, siempre que el entorno esté configurado con PHPUnit.","php"
"Paso 1: instalar Gradle. Paso 2: configurar Gradle. Paso 3: probar herencia con un ejemplo mínimo. Recordá revisar la documentación oficial antes de llevar esto a producción. Este enfoque también aplica si estás trabajando con Eclipse.","java"
"Módulo 9: Aprende a dominar namespaces en Composer desde cero, con proyectos prácticos aplicados a cache de consultas.","php"
"Referencia rápida de traits: sintaxis básica, ejemplos y errores comunes en php. Este enfoque también aplica si estás trabajando con PHPUnit.","php"
"no me anda middlewares en WordPress, capaz que me falta instalar Composer, revisar mañana","php"
"Clase 10: notificaciones push paso a paso, incluye desafíos de código y un proyecto integrador final en Jetpack Compose. Al finalizar el módulo recibirás un certificado y accederás a ejercicios adicionales de notificaciones push.","android"
"¿Vale la pena migrar a Symfony en 2026? Repasamos ventajas, desventajas y casos de uso reales para migraciones con Laravel.","php"
"no me anda etiquetas semánticas en CSS Grid, capaz que me falta instalar Lighthouse, revisar mañana -- ver video de youtube que recomendó un compañero sobre etiquetas semánticas","html"
"Comparamos Slim Framework contra otras alternativas del ecosistema php, enfocándonos en manejo de sesiones y rendimiento.","php"
"Este módulo documenta el uso correcto de async/await dentro del framework MVVM, incluyendo parámetros opcionales. Este comportamiento puede cambiar en versiones futuras de MVVM, revisar el changelog.","c#"
"Clase 7: formularios accesibles paso a paso, incluye desafíos de código y un proyecto integrador final en CSS Grid.","html"
"Cheat sheet de Pandas: los comandos y conceptos de dataclasses que más vas a usar en el día a día. Recordá revisar la documentación oficial antes de llevar esto a producción.","python"
"Aprendé a construir aplicaciones reales de html combinando Bulma con buenas prácticas de etiquetas semánticas.","html"
"En esta unidad profundizamos en consumo de APIs con Retrofit utilizando Room, ideal para quienes ya conocen lo básico de android.","android"
"pendiente: terminar el tp de html usando CSS Grid, me falta la parte de etiquetas semánticas","html"
"Una guía práctica sobre conexión a bases de datos con PDO usando Composer, con ejemplos de código y errores comunes a evitar. Veremos también cómo se integra con Composer en un pipeline de deploy real.","php"
"Este módulo documenta el uso correcto de genéricos dentro del framework WPF, incluyendo parámetros opcionales. Consulte la referencia oficial para más detalles sobre la configuración de Visual Studio Code.","c#"
"¿Vale la pena migrar a Svelte en 2026? Repasamos ventajas, desventajas y casos de uso reales para testing con Jest. Veremos también cómo se integra con ESLint en un pipeline de deploy real. Además incluimos un mini benchmark comparando props contra el enfoque tradicional.","javascript"
"no me anda manipulación del DOM en Select2, capaz que me falta instalar npm, revisar mañana -- ver video de youtube que recomendó un compañero sobre manipulación del DOM","jquery"
"tip del profe: usar Chrome DevTools para debuggear Tailwind CSS, ahorra un montón de tiempo","html"
"Pytest expone una API que facilita el uso de type hints, siempre que el entorno esté configurado con Jupyter Notebook. Este comportamiento puede cambiar en versiones futuras de Pytest, revisar el changelog.","python"
"tip del profe: usar Visual Studio para debuggear Qt, ahorra un montón de tiempo","c++"
"La funcionalidad async/await en Vue permite declarar componentes sin necesidad de configuración adicional.","javascript"
"Comparamos NumPy contra otras alternativas del ecosistema python, enfocándonos en análisis de datos con pandas y rendimiento. Veremos también cómo se integra con PyCharm en un pipeline de deploy real. Además incluimos un mini benchmark comparando generadores contra el enfoque tradicional.","python"
"Una guía práctica sobre APIs RESTful usando Slim Framework, con ejemplos de código y errores comunes a evitar. Veremos también cómo se integra con Composer en un pipeline de deploy real. Además incluimos un mini benchmark comparando traits contra el enfoque tradicional.","php"
"La clase principal de Node.js implementa useState internamente para optimizar el ciclo de vida del componente. Consulte la referencia oficial para más detalles sobre la configuración de Vite.","javascript"
"La funcionalidad el ciclo de vida en Jetpack Compose permite declarar componentes sin necesidad de configuración adicional. Consulte la referencia oficial para más detalles sobre la configuración de ADB. Este comportamiento puede cambiar en versiones futuras de Jetpack Compose, revisar el changelog.","android"
"Tutorial paso a paso para configurar Lighthouse y empezar a trabajar con Bulma en html.","html"
"Módulo 5: Aprende a dominar callbacks en Express desde cero, con proyectos prácticos aplicados a optimización del bundle.","javascript"
"Nota: al utilizar type hints en python, se recomienda validar los tipos de entrada antes de invocar el método principal. Consulte la referencia oficial para más detalles sobre la configuración de virtualenv.","python"
"pendiente: terminar el tp de php usando Symfony, me falta la parte de programación orientada a objetos","php"
"Hoy vamos a explorar SEO on-page en html, un tema que genera muchas dudas entre desarrolladores junior. Veremos también cómo se integra con Lighthouse en un pipeline de deploy real. Además incluimos un mini benchmark comparando SEO on-page contra el enfoque tradicional.","html"
"Clase 10: arquitectura en capas paso a paso, incluye desafíos de código y un proyecto integrador final en Entity Framework.","c#"
"Módulo 11: Aprende a dominar memoria dinámica en STL desde cero, con proyectos prácticos aplicados a concurrencia con threads.","c++"
"Este módulo documenta el uso correcto de interfaces dentro del framework WPF, incluyendo parámetros opcionales. Consulte la referencia oficial para más detalles sobre la configuración de dotnet CLI.","c#"
"Una guía práctica sobre renderizado del lado del servidor usando React, con ejemplos de código y errores comunes a evitar. Además incluimos un mini benchmark comparando useEffect contra el enfoque tradicional.","javascript"
"En esta unidad profundizamos en despliegue en contenedores utilizando Spring Boot, ideal para quienes ya conocen lo básico de java. Al finalizar el módulo recibirás un certificado y accederás a ejercicios adicionales de despliegue en contenedores.","java"
"no me anda interfaces en Blazor, capaz que me falta instalar dotnet CLI, revisar mañana -- ver video de youtube que recomendó un compañero sobre interfaces","c#"
"Clase 5: diseño de interfaces con Compose paso a paso, incluye desafíos de código y un proyecto integrador final en Room.","android"
"En esta unidad profundizamos en automatización de tareas utilizando FastAPI, ideal para quienes ya conocen lo básico de python. Al finalizar el módulo recibirás un certificado y accederás a ejercicios adicionales de automatización de tareas.","python"
"En este post analizamos las novedades de ViewModel y cómo afecta a los proyectos de android en producción.","android"
"no me anda interfaces en WPF, capaz que me falta instalar Visual Studio, revisar mañana","c#"
"repasar el ciclo de vida para el parcial de android, no entendí bien el ejemplo de la clase -- ver video de youtube que recomendó un compañero sobre el ciclo de vida","android"
"Clase 10: testing unitario con JUnit paso a paso, incluye desafíos de código y un proyecto integrador final en Jakarta EE.","java"
"Comparamos .NET Core contra otras alternativas del ecosistema c#, enfocándonos en testing con xUnit y rendimiento.","c#"
"Este módulo documenta el uso correcto de closures dentro del framework Laravel, incluyendo parámetros opcionales. Consulte la referencia oficial para más detalles sobre la configuración de Artisan CLI.","php"
"Hoy vamos a explorar anotaciones en java, un tema que genera muchas dudas entre desarrolladores junior. Además incluimos un mini benchmark comparando anotaciones contra el enfoque tradicional.","java"
"Módulo 1: Aprende a dominar context managers en Pandas desde cero, con proyectos prácticos aplicados a análisis de datos con pandas.","python"
"Clase 6: programación orientada a objetos paso a paso, incluye desafíos de código y un proyecto integrador final en STL. Al finalizar el módulo recibirás un certificado y accederás a ejercicios adicionales de programación orientada a objetos.","c++"
"Clase 3: optimización de rendimiento paso a paso, incluye desafíos de código y un proyecto integrador final en Boost.","c++"
"En esta unidad profundizamos en manejo de estado utilizando Vue, ideal para quienes ya conocen lo básico de javascript. Al finalizar el módulo recibirás un certificado y accederás a ejercicios adicionales de manejo de estado.","javascript"
"Guía rápida: cómo implementar Fragments en ViewModel en menos de 10 minutos. Recordá revisar la documentación oficial antes de llevar esto a producción. Este enfoque también aplica si estás trabajando con Android Studio.","android"
"Hoy vamos a explorar event handlers en jquery, un tema que genera muchas dudas entre desarrolladores junior.","jquery"
"Tutorial paso a paso para configurar Artisan CLI y empezar a trabajar con Composer en php.","php"
"Guía rápida: cómo implementar hooks en Express en menos de 10 minutos. Recordá revisar la documentación oficial antes de llevar esto a producción.","javascript"
"Paso 1: instalar Visual Studio. Paso 2: configurar Blazor. Paso 3: probar delegados con un ejemplo mínimo.","c#"
"Hoy vamos a explorar namespaces en c++, un tema que genera muchas dudas entre desarrolladores junior.","c++"
"Comparamos DataTables contra otras alternativas del ecosistema jquery, enfocándonos en peticiones AJAX y rendimiento. Veremos también cómo se integra con CDN de jQuery en un pipeline de deploy real. Además incluimos un mini benchmark comparando el método .ready() contra el enfoque tradicional.","jquery"
"Aprendé a construir aplicaciones reales de java combinando Spring Data JPA con buenas prácticas de excepciones checked. Al finalizar el módulo recibirás un certificado y accederás a ejercicios adicionales de manejo de excepciones.","java"
"Cheat sheet de Hibernate: los comandos y conceptos de herencia que más vas a usar en el día a día. Este enfoque también aplica si estás trabajando con Tomcat.","java"
"Módulo 11: Aprende a dominar inyección de dependencias en Jakarta EE desde cero, con proyectos prácticos aplicados a testing unitario con JUnit. Al finalizar el módulo recibirás un certificado y accederás a ejercicios adicionales de testing unitario con JUnit.","java"
"CodeIgniter expone una API que facilita el uso de traits, siempre que el entorno esté configurado con Artisan CLI.","php"
"todavia no me cierra como funciona context managers, hice un ejemplo copado pero se rompe con datos reales -- ver video de youtube que recomendó un compañero sobre context managers","python"
"Curso intensivo de jquery: dominá DataTables y selectores $() en pocas semanas, con ejercicios evaluados automáticamente.","jquery"
"apunte: excepciones checked en java es re confuso, preguntarle al profe en la próxima clase","java"
"repasar responsive design para el parcial de html, no entendí bien el ejemplo de la clase -- ver video de youtube que recomendó un compañero sobre responsive design","html"
"Tutorial paso a paso para configurar webpack y empezar a trabajar con Next.js en javascript. Recordá revisar la documentación oficial antes de llevar esto a producción.","javascript"
"todavia no me cierra como funciona closures, hice un ejemplo copado pero se rompe con datos reales","php"
"Cheat sheet de Node.js: los comandos y conceptos de el spread operator que más vas a usar en el día a día.","javascript"
"Clase 5: punteros inteligentes paso a paso, incluye desafíos de código y un proyecto integrador final en Qt. Al finalizar el módulo recibirás un certificado y accederás a ejercicios adicionales de punteros inteligentes.","c++"
"Nota: al utilizar PDO en php, se recomienda validar los tipos de entrada antes de invocar el método principal. Consulte la referencia oficial para más detalles sobre la configuración de phpMyAdmin. Este comportamiento puede cambiar en versiones futuras de WordPress, revisar el changelog.","php"
"Cheat sheet de Bootstrap con jQuery: los comandos y conceptos de plugins que más vas a usar en el día a día.","jquery"
"tip del profe: usar ADB para debuggear Kotlin Coroutines, ahorra un montón de tiempo","android"
"Comparamos Celery contra otras alternativas del ecosistema python, enfocándonos en automatización de tareas y rendimiento. Veremos también cómo se integra con pip en un pipeline de deploy real. Además incluimos un mini benchmark comparando entornos virtuales contra el enfoque tradicional.","python"
"apunte: permisos en runtime en android es re confuso, preguntarle al profe en la próxima clase","android"
"Clase 7: concurrencia con threads paso a paso, incluye desafíos de código y un proyecto integrador final en Qt.","c++"
"Cheat sheet de DataTables: los comandos y conceptos de plugins que más vas a usar en el día a día.","jquery"
"La clase principal de Select2 implementa event handlers internamente para optimizar el ciclo de vida del componente. Consulte la referencia oficial para más detalles sobre la configuración de npm. Este comportamiento puede cambiar en versiones futuras de Select2, revisar el changelog.","jquery"
"Nota: al utilizar el AndroidManifest en android, se recomienda validar los tipos de entrada antes de invocar el método principal. Consulte la referencia oficial para más detalles sobre la configuración de Firebase Console.","android"
"no me anda programación orientada a objetos en Slim Framework, capaz que me falta instalar Composer, revisar mañana","php"
"Guía rápida: cómo implementar animate() en jQuery Mobile en menos de 10 minutos.","jquery"
"Curso intensivo de html: dominá Bulma y formularios en pocas semanas, con ejercicios evaluados automáticamente.","html"
"En este post analizamos las novedades de Spring MVC y cómo afecta a los proyectos de java en producción.","java"
"Cheat sheet de Firebase: los comandos y conceptos de el ciclo de vida que más vas a usar en el día a día.","android"
"CodeIgniter expone una API que facilita el uso de interfaces, siempre que el entorno esté configurado con phpMyAdmin. Consulte la referencia oficial para más detalles sobre la configuración de phpMyAdmin.","php"
"Comparamos Android Studio contra otras alternativas del ecosistema android, enfocándonos en consumo de APIs con Retrofit y rendimiento. Además incluimos un mini benchmark comparando permisos en runtime contra el enfoque tradicional.","android"
"En este post analizamos las novedades de Tailwind CSS y cómo afecta a los proyectos de html en producción. Además incluimos un mini benchmark comparando formularios contra el enfoque tradicional.","html"
"En esta unidad profundizamos en optimización de rendimiento utilizando Qt, ideal para quienes ya conocen lo básico de c++.","c++"
"Módulo 3: Aprende a dominar arrow functions en Next.js desde cero, con proyectos prácticos aplicados a autenticación con JWT. Al finalizar el módulo recibirás un certificado y accederás a ejercicios adicionales de autenticación con JWT.","javascript"
"Módulo 7: Aprende a dominar decoradores en Celery desde cero, con proyectos prácticos aplicados a testing con pytest. Al finalizar el módulo recibirás un certificado y accederás a ejercicios adicionales de testing con pytest.","python"
"no me anda referencias en OpenCV, capaz que me falta instalar Makefile, revisar mañana","c++"
"Cheat sheet de Spring Boot: los comandos y conceptos de genéricos que más vas a usar en el día a día. Este enfoque también aplica si estás trabajando con Maven.","java"
"Cheat sheet de SQLAlchemy: los comandos y conceptos de entornos virtuales que más vas a usar en el día a día.","python"
"Este módulo documenta el uso correcto de threads dentro del framework Hibernate, incluyendo parámetros opcionales. Consulte la referencia oficial para más detalles sobre la configuración de Docker.","java"
"Guía rápida: cómo implementar LINQ en ASP.NET Core en menos de 10 minutos.","c#"
"apunte: async/await en c# es re confuso, preguntarle al profe en la próxima clase -- ver video de youtube que recomendó un compañero sobre async/await","c#"
"En este post analizamos las novedades de Firebase y cómo afecta a los proyectos de android en producción. Además incluimos un mini benchmark comparando el AndroidManifest contra el enfoque tradicional.","android"
"Nota: al utilizar plugins en jquery, se recomienda validar los tipos de entrada antes de invocar el método principal. Consulte la referencia oficial para más detalles sobre la configuración de npm.","jquery"
"Clase 3: validación de formularios paso a paso, incluye desafíos de código y un proyecto integrador final en jQuery UI.","jquery"
"Hoy vamos a explorar el GIL en python, un tema que genera muchas dudas entre desarrolladores junior. Además incluimos un mini benchmark comparando el GIL contra el enfoque tradicional.","python"
"Este módulo documenta el uso correcto de anotaciones dentro del framework Gradle, incluyendo parámetros opcionales. Consulte la referencia oficial para más detalles sobre la configuración de Maven.","java"
"En esta unidad profundizamos en estructura semántica utilizando Flexbox, ideal para quienes ya conocen lo básico de html. Al finalizar el módulo recibirás un certificado y accederás a ejercicios adicionales de estructura semántica.","html"
"Tutorial paso a paso para configurar VS Code y empezar a trabajar con Tailwind CSS en html. Este enfoque también aplica si estás trabajando con VS Code.","html"
"La funcionalidad el AndroidManifest en LiveData permite declarar componentes sin necesidad de configuración adicional. Consulte la referencia oficial para más detalles sobre la configuración de Android Studio.","android"
"todavia no me cierra como funciona threads, hice un ejemplo copado pero se rompe con datos reales","java"
"pendiente: terminar el tp de php usando Eloquent ORM, me falta la parte de programación orientada a objetos -- ver video de youtube que recomendó un compañero sobre programación orientada a objetos","php"
"Módulo 6: Aprende a dominar la JVM en Gradle desde cero, con proyectos prácticos aplicados a persistencia con JPA.","java"
"me tira error raro con Hibernate, creo que es tema de versiones de Docker, googlear despues","java"
"Comparamos Gradle contra otras alternativas del ecosistema java, enfocándonos en arquitectura de microservicios y rendimiento. Veremos también cómo se integra con Tomcat en un pipeline de deploy real. Además incluimos un mini benchmark comparando genéricos contra el enfoque tradicional.","java"
"Curso intensivo de jquery: dominá jQuery UI y event handlers en pocas semanas, con ejercicios evaluados automáticamente.","jquery"
"Una guía práctica sobre enrutamiento (routing) usando Svelte, con ejemplos de código y errores comunes a evitar. Además incluimos un mini benchmark comparando async/await contra el enfoque tradicional.","javascript"
"WPF expone una API que facilita el uso de nullable reference types, siempre que el entorno esté configurado con Azure DevOps.","c#"
"¿Vale la pena migrar a Entity Framework en 2026? Repasamos ventajas, desventajas y casos de uso reales para arquitectura en capas. Además incluimos un mini benchmark comparando genéricos contra el enfoque tradicional.","c#"
"Tutorial paso a paso para configurar Eclipse y empezar a trabajar con Jakarta EE en java.","java"
"tip del profe: usar Artisan CLI para debuggear Eloquent ORM, ahorra un montón de tiempo","php"
"Paso 1: instalar Genymotion. Paso 2: configurar Firebase. Paso 3: probar Fragments con un ejemplo mínimo.","android"
"Tutorial paso a paso para configurar Genymotion y empezar a trabajar con ViewModel en android.","android"
"Paso 1: instalar Chrome DevTools. Paso 2: configurar DataTables. Paso 3: probar AJAX con un ejemplo mínimo. Recordá revisar la documentación oficial antes de llevar esto a producción. Este enfoque también aplica si estás trabajando con CDN de jQuery.","jquery"
"Una guía práctica sobre testing con xUnit usando Xamarin, con ejemplos de código y errores comunes a evitar. Veremos también cómo se integra con NuGet en un pipeline de deploy real. Además incluimos un mini benchmark comparando propiedades contra el enfoque tradicional.","c#"
"repasar AJAX para el parcial de jquery, no entendí bien el ejemplo de la clase -- ver video de youtube que recomendó un compañero sobre AJAX","jquery"
"La funcionalidad middlewares en WordPress permite declarar componentes sin necesidad de configuración adicional. Consulte la referencia oficial para más detalles sobre la configuración de XAMPP.","php"
"Guía rápida: cómo implementar closures en Vue en menos de 10 minutos.","javascript"
"tip del profe: usar Visual Studio para debuggear Blazor, ahorra un montón de tiempo -- ver video de youtube que recomendó un compañero sobre LINQ","c#"
"Clase 9: concurrencia con threads paso a paso, incluye desafíos de código y un proyecto integrador final en Spring MVC.","java"
"Paso 1: instalar Jupyter Notebook. Paso 2: configurar Celery. Paso 3: probar decoradores con un ejemplo mínimo. Recordá revisar la documentación oficial antes de llevar esto a producción.","python"
"¿Vale la pena migrar a Hibernate en 2026? Repasamos ventajas, desventajas y casos de uso reales para testing unitario con JUnit.","java"
"¿Vale la pena migrar a Composer en 2026? Repasamos ventajas, desventajas y casos de uso reales para desarrollo de plugins de WordPress. Veremos también cómo se integra con Composer en un pipeline de deploy real.","php"
"Este módulo documenta el uso correcto de interfaces dentro del framework WPF, incluyendo parámetros opcionales. Consulte la referencia oficial para más detalles sobre la configuración de Visual Studio Code.","c#"
"La funcionalidad useState en Svelte permite declarar componentes sin necesidad de configuración adicional. Consulte la referencia oficial para más detalles sobre la configuración de webpack.","javascript"
"Módulo 11: Aprende a dominar traits en Eloquent ORM desde cero, con proyectos prácticos aplicados a cache de consultas.","php"
"Referencia rápida de el DOM virtual: sintaxis básica, ejemplos y errores comunes en javascript.","javascript"
"Paso 1: instalar yarn. Paso 2: configurar React. Paso 3: probar arrow functions con un ejemplo mínimo.","javascript"
"Paso 1: instalar npm. Paso 2: configurar Express. Paso 3: probar el spread operator con un ejemplo mínimo. Recordá revisar la documentación oficial antes de llevar esto a producción.","javascript"
"Clase 6: fetch de datos con AJAX paso a paso, incluye desafíos de código y un proyecto integrador final en Svelte. Al finalizar el módulo recibirás un certificado y accederás a ejercicios adicionales de fetch de datos con AJAX.","javascript"
"Cheat sheet de Flexbox: los comandos y conceptos de atributos ARIA que más vas a usar en el día a día.","html"
"tip del profe: usar g++ para debuggear OpenCV, ahorra un montón de tiempo","c++"
"todavia no me cierra como funciona el GIL, hice un ejemplo copado pero se rompe con datos reales","python"
"Curso intensivo de html: dominá CSS Grid y accesibilidad (a11y) en pocas semanas, con ejercicios evaluados automáticamente. Al finalizar el módulo recibirás un certificado y accederás a ejercicios adicionales de optimización SEO.","html"
"Aprendé a construir aplicaciones reales de c++ combinando STL con buenas prácticas de sobrecarga de operadores.","c++"
"Comparamos Jetpack Compose contra otras alternativas del ecosistema android, enfocándonos en optimización de memoria y rendimiento.","android"
"pendiente: terminar el tp de python usando Celery, me falta la parte de el GIL","python"
"Una guía práctica sobre validación de formularios usando DataTables, con ejemplos de código y errores comunes a evitar. Veremos también cómo se integra con Chrome DevTools en un pipeline de deploy real.","jquery"
"MVVM expone una API que facilita el uso de nullable reference types, siempre que el entorno esté configurado con Visual Studio Code. Consulte la referencia oficial para más detalles sobre la configuración de Visual Studio Code.","c#"
"Aprendé a construir aplicaciones reales de android combinando ViewModel con buenas prácticas de el ciclo de vida. Al finalizar el módulo recibirás un certificado y accederás a ejercicios adicionales de optimización de memoria.","android"
"Tutorial paso a paso para configurar IntelliJ IDEA y empezar a trabajar con Hibernate en java. Este enfoque también aplica si estás trabajando con Gradle.","java"
"Aprendé a construir aplicaciones reales de python combinando Django con buenas prácticas de entornos virtuales.","python"
"La funcionalidad permisos en runtime en Jetpack Compose permite declarar componentes sin necesidad de configuración adicional.","android"
"En esta unidad profundizamos en desarrollo de APIs REST utilizando Entity Framework, ideal para quienes ya conocen lo básico de c#.","c#"
"Referencia rápida de programación orientada a objetos: sintaxis básica, ejemplos y errores comunes en php. Recordá revisar la documentación oficial antes de llevar esto a producción.","php"
"todavia no me cierra como funciona el garbage collector, hice un ejemplo copado pero se rompe con datos reales","java"
"Paso 1: instalar Makefile. Paso 2: configurar STL. Paso 3: probar smart pointers con un ejemplo mínimo. Recordá revisar la documentación oficial antes de llevar esto a producción.","c++"
"Nota: al utilizar sobrecarga de operadores en c++, se recomienda validar los tipos de entrada antes de invocar el método principal. Consulte la referencia oficial para más detalles sobre la configuración de Makefile.","c++"
"Módulo 8: Aprende a dominar meta tags en CSS Grid desde cero, con proyectos prácticos aplicados a maquetación responsive.","html"
"Este módulo documenta el uso correcto de plugins dentro del framework Bootstrap con jQuery, incluyendo parámetros opcionales. Consulte la referencia oficial para más detalles sobre la configuración de CDN de jQuery. Este comportamiento puede cambiar en versiones futuras de Bootstrap con jQuery, revisar el changelog.","jquery"
"¿Vale la pena migrar a Bulma en 2026? Repasamos ventajas, desventajas y casos de uso reales para maquetación responsive.","html"
"pendiente: terminar el tp de c++ usando OpenCV, me falta la parte de referencias -- ver video de youtube que recomendó un compañero sobre referencias","c++"
"Este módulo documenta el uso correcto de referencias dentro del framework Boost, incluyendo parámetros opcionales. Consulte la referencia oficial para más detalles sobre la configuración de g++.","c++"
"Guía rápida: cómo implementar propiedades en ASP.NET Core en menos de 10 minutos. Recordá revisar la documentación oficial antes de llevar esto a producción. Este enfoque también aplica si estás trabajando con Azure DevOps.","c#"
"Módulo 5: Aprende a dominar genéricos en Gradle desde cero, con proyectos prácticos aplicados a persistencia con JPA.","java"
"Cheat sheet de Pytest: los comandos y conceptos de type hints que más vas a usar en el día a día. Recordá revisar la documentación oficial antes de llevar esto a producción. Este enfoque también aplica si estás trabajando con Poetry.","python"
"Este módulo documenta el uso correcto de animate() dentro del framework jQuery UI, incluyendo parámetros opcionales. Este comportamiento puede cambiar en versiones futuras de jQuery UI, revisar el changelog.","jquery"
"La funcionalidad decoradores en Django permite declarar componentes sin necesidad de configuración adicional.","python"
"Este módulo documenta el uso correcto de polimorfismo dentro del framework Spring Boot, incluyendo parámetros opcionales.","java"
"En esta unidad profundizamos en despliegue con Docker utilizando Pytest, ideal para quienes ya conocen lo básico de python. Al finalizar el módulo recibirás un certificado y accederás a ejercicios adicionales de despliegue con Docker.","python"
"Comparamos Qt contra otras alternativas del ecosistema c++, enfocándonos en compilación y linking y rendimiento. Además incluimos un mini benchmark comparando la stack y el heap contra el enfoque tradicional.","c++"
"Clase 8: optimización de memoria paso a paso, incluye desafíos de código y un proyecto integrador final en Jetpack Compose.","android"
"Nota: al utilizar sobrecarga de operadores en c++, se recomienda validar los tipos de entrada antes de invocar el método principal. Este comportamiento puede cambiar en versiones futuras de OpenCV, revisar el changelog.","c++"
"Curso intensivo de python: dominá Django y decoradores en pocas semanas, con ejercicios evaluados automáticamente.","python"
"¿Vale la pena migrar a Room en 2026? Repasamos ventajas, desventajas y casos de uso reales para consumo de APIs con Retrofit. Además incluimos un mini benchmark comparando permisos en runtime contra el enfoque tradicional.","android"
"Una guía práctica sobre concurrencia con threads usando Boost, con ejemplos de código y errores comunes a evitar. Veremos también cómo se integra con Valgrind en un pipeline de deploy real.","c++"
"En este post analizamos las novedades de Django y cómo afecta a los proyectos de python en producción. Veremos también cómo se integra con conda en un pipeline de deploy real. Además incluimos un mini benchmark comparando dataclasses contra el enfoque tradicional.","python"
"Este módulo documenta el uso correcto de anotaciones dentro del framework Hibernate, incluyendo parámetros opcionales.","java"
"Comparamos jQuery Mobile contra otras alternativas del ecosistema jquery, enfocándonos en validación de formularios y rendimiento.","jquery"
"pendiente: terminar el tp de python usando Pandas, me falta la parte de el GIL","python"
"Pandas expone una API que facilita el uso de generadores, siempre que el entorno esté configurado con PyCharm.","python"
"Este módulo documenta el uso correcto de anotaciones dentro del framework Gradle, incluyendo parámetros opcionales.","java"
"Comparamos React contra otras alternativas del ecosistema javascript, enfocándonos en enrutamiento (routing) y rendimiento. Veremos también cómo se integra con ESLint en un pipeline de deploy real. Además incluimos un mini benchmark comparando módulos ES6 contra el enfoque tradicional.","javascript"
"Guía rápida: cómo implementar interfaces en Slim Framework en menos de 10 minutos.","php"
"Aprendé a construir aplicaciones reales de jquery combinando Select2 con buenas prácticas de AJAX.","jquery"
"La clase principal de .NET Core implementa delegados internamente para optimizar el ciclo de vida del componente. Consulte la referencia oficial para más detalles sobre la configuración de Visual Studio Code.","c#"
"Este módulo documenta el uso correcto de entornos virtuales dentro del framework Django, incluyendo parámetros opcionales. Este comportamiento puede cambiar en versiones futuras de Django, revisar el changelog.","python"
"Referencia rápida de context managers: sintaxis básica, ejemplos y errores comunes en python.","python"
"¿Vale la pena migrar a OpenCV en 2026? Repasamos ventajas, desventajas y casos de uso reales para concurrencia con threads.","c++"
"Una guía práctica sobre maquetación responsive usando Bootstrap, con ejemplos de código y errores comunes a evitar. Veremos también cómo se integra con Lighthouse en un pipeline de deploy real. Además incluimos un mini benchmark comparando SEO on-page contra el enfoque tradicional.","html"
"¿Vale la pena migrar a Jetpack Compose en 2026? Repasamos ventajas, desventajas y casos de uso reales para publicación en Google Play. Veremos también cómo se integra con Firebase Console en un pipeline de deploy real.","android"
"Nota: al utilizar templates en c++, se recomienda validar los tipos de entrada antes de invocar el método principal.","c++"
"Aprendé a construir aplicaciones reales de php combinando Symfony con buenas prácticas de traits. Al finalizar el módulo recibirás un certificado y accederás a ejercicios adicionales de APIs RESTful.","php"
"Aprendé a construir aplicaciones reales de java combinando Hibernate con buenas prácticas de el patrón singleton. Al finalizar el módulo recibirás un certificado y accederás a ejercicios adicionales de manejo de excepciones.","java"
"Curso intensivo de c++: dominá CMake y sobrecarga de operadores en pocas semanas, con ejercicios evaluados automáticamente. Al finalizar el módulo recibirás un certificado y accederás a ejercicios adicionales de gestión manual de memoria.","c++"
"Comparamos jQuery UI contra otras alternativas del ecosistema jquery, enfocándonos en manipulación dinámica del DOM y rendimiento.","jquery"
"Clase 12: compilación y linking paso a paso, incluye desafíos de código y un proyecto integrador final en CMake.","c++"
"todavia no me cierra como funciona programación orientada a objetos, hice un ejemplo copado pero se rompe con datos reales -- ver video de youtube que recomendó un compañero sobre programación orientada a objetos","php"
"¿Vale la pena migrar a Qt en 2026? Repasamos ventajas, desventajas y casos de uso reales para concurrencia con threads. Veremos también cómo se integra con Makefile en un pipeline de deploy real. Además incluimos un mini benchmark comparando referencias contra el enfoque tradicional.","c++"
"Aprendé a construir aplicaciones reales de android combinando Jetpack Compose con buenas prácticas de Fragments. Al finalizar el módulo recibirás un certificado y accederás a ejercicios adicionales de publicación en Google Play.","android"
"Módulo 3: Aprende a dominar list comprehension en Celery desde cero, con proyectos prácticos aplicados a desarrollo de APIs con FastAPI.","python"
"Una guía práctica sobre animaciones y efectos usando jQuery Mobile, con ejemplos de código y errores comunes a evitar.","jquery"
"Guía rápida: cómo implementar responsive design en Bulma en menos de 10 minutos. Este enfoque también aplica si estás trabajando con Lighthouse.","html"
"Flexbox expone una API que facilita el uso de formularios, siempre que el entorno esté configurado con Chrome DevTools. Consulte la referencia oficial para más detalles sobre la configuración de Chrome DevTools.","html"
"Paso 1: instalar Lighthouse. Paso 2: configurar Tailwind CSS. Paso 3: probar SEO on-page con un ejemplo mínimo.","html"
"La clase principal de Spring MVC implementa genéricos internamente para optimizar el ciclo de vida del componente. Consulte la referencia oficial para más detalles sobre la configuración de Maven.","java"
"En este post analizamos las novedades de Flexbox y cómo afecta a los proyectos de html en producción. Además incluimos un mini benchmark comparando SEO on-page contra el enfoque tradicional.","html"
"todavia no me cierra como funciona excepciones checked, hice un ejemplo copado pero se rompe con datos reales","java"
"Curso intensivo de html: dominá Bootstrap y meta tags en pocas semanas, con ejercicios evaluados automáticamente.","html"
"Paso 1: instalar Chrome DevTools. Paso 2: configurar Flexbox. Paso 3: probar atributos ARIA con un ejemplo mínimo.","html"
"apunte: el ciclo de vida en android es re confuso, preguntarle al profe en la próxima clase","android"
"La funcionalidad generadores en NumPy permite declarar componentes sin necesidad de configuración adicional. Consulte la referencia oficial para más detalles sobre la configuración de Jupyter Notebook.","python"
"Paso 1: instalar IntelliJ IDEA. Paso 2: configurar Spring Data JPA. Paso 3: probar el patrón singleton con un ejemplo mínimo. Recordá revisar la documentación oficial antes de llevar esto a producción. Este enfoque también aplica si estás trabajando con Gradle.","java"
"¿Vale la pena migrar a Composer en 2026? Repasamos ventajas, desventajas y casos de uso reales para manejo de sesiones. Veremos también cómo se integra con phpMyAdmin en un pipeline de deploy real.","php"
"Hoy vamos a explorar dataclasses en python, un tema que genera muchas dudas entre desarrolladores junior.","python"
"Paso 1: instalar dotnet CLI. Paso 2: configurar ASP.NET Core. Paso 3: probar async/await con un ejemplo mínimo.","c#"
"Paso 1: instalar Composer. Paso 2: configurar CodeIgniter. Paso 3: probar el autoloading con un ejemplo mínimo.","php"
"Comparamos Composer contra otras alternativas del ecosistema php, enfocándonos en APIs RESTful y rendimiento. Además incluimos un mini benchmark comparando closures contra el enfoque tradicional.","php"
"Hoy vamos a explorar Fragments en android, un tema que genera muchas dudas entre desarrolladores junior.","android"
"Paso 1: instalar Jupyter Notebook. Paso 2: configurar Django. Paso 3: probar generadores con un ejemplo mínimo. Este enfoque también aplica si estás trabajando con Poetry.","python"
"pendiente: terminar el tp de android usando Kotlin Coroutines, me falta la parte de layouts XML -- ver video de youtube que recomendó un compañero sobre layouts XML","android"
"Comparamos LiveData contra otras alternativas del ecosistema android, enfocándonos en diseño de interfaces con Compose y rendimiento. Además incluimos un mini benchmark comparando layouts XML contra el enfoque tradicional.","android"
"Clase 7: procesamiento de datos con NumPy paso a paso, incluye desafíos de código y un proyecto integrador final en Django. Al finalizar el módulo recibirás un certificado y accederás a ejercicios adicionales de procesamiento de datos con NumPy.","python"
"En este post analizamos las novedades de Retrofit y cómo afecta a los proyectos de android en producción.","android"
"Hoy vamos a explorar middlewares en php, un tema que genera muchas dudas entre desarrolladores junior. Veremos también cómo se integra con Artisan CLI en un pipeline de deploy real.","php"
"me tira error raro con Symfony, creo que es tema de versiones de Composer, googlear despues","php"
"Tutorial paso a paso para configurar phpMyAdmin y empezar a trabajar con Composer en php. Recordá revisar la documentación oficial antes de llevar esto a producción. Este enfoque también aplica si estás trabajando con PHPUnit.","php"
"¿Vale la pena migrar a Hibernate en 2026? Repasamos ventajas, desventajas y casos de uso reales para seguridad con Spring Security. Veremos también cómo se integra con Gradle en un pipeline de deploy real.","java"
"repasar PDO para el parcial de php, no entendí bien el ejemplo de la clase -- ver video de youtube que recomendó un compañero sobre PDO","php"
"Nota: al utilizar SEO on-page en html, se recomienda validar los tipos de entrada antes de invocar el método principal.","html"
"Módulo 10: Aprende a dominar polimorfismo en JUnit desde cero, con proyectos prácticos aplicados a despliegue en contenedores. Al finalizar el módulo recibirás un certificado y accederás a ejercicios adicionales de despliegue en contenedores.","java"
"Hoy vamos a explorar formularios en html, un tema que genera muchas dudas entre desarrolladores junior. Veremos también cómo se integra con Chrome DevTools en un pipeline de deploy real. Además incluimos un mini benchmark comparando formularios contra el enfoque tradicional.","html"
"Módulo 3: Aprende a dominar smart pointers en CMake desde cero, con proyectos prácticos aplicados a gestión manual de memoria.","c++"
"Una guía práctica sobre publicación en Google Play usando Firebase, con ejemplos de código y errores comunes a evitar. Veremos también cómo se integra con Android Studio en un pipeline de deploy real.","android"
"Hoy vamos a explorar generadores en python, un tema que genera muchas dudas entre desarrolladores junior. Veremos también cómo se integra con conda en un pipeline de deploy real. Además incluimos un mini benchmark comparando generadores contra el enfoque tradicional.","python"
"Curso intensivo de php: dominá WordPress y traits en pocas semanas, con ejercicios evaluados automáticamente.","php"
"En este post analizamos las novedades de Jetpack Compose y cómo afecta a los proyectos de android en producción.","android"
"Aprendé a construir aplicaciones reales de javascript combinando Svelte con buenas prácticas de el spread operator.","javascript"
"En esta unidad profundizamos en testing unitario con JUnit utilizando Spring MVC, ideal para quienes ya conocen lo básico de java.","java"
"Paso 1: instalar NuGet. Paso 2: configurar ASP.NET Core. Paso 3: probar propiedades con un ejemplo mínimo. Este enfoque también aplica si estás trabajando con dotnet CLI.","c#"
"Cheat sheet de Eloquent ORM: los comandos y conceptos de programación orientada a objetos que más vas a usar en el día a día.","php"
"Angular expone una API que facilita el uso de el bundler webpack, siempre que el entorno esté configurado con yarn. Consulte la referencia oficial para más detalles sobre la configuración de yarn. Este comportamiento puede cambiar en versiones futuras de Angular, revisar el changelog.","javascript"
"no me anda atributos ARIA en Bulma, capaz que me falta instalar Chrome DevTools, revisar mañana","html"
"repasar traits para el parcial de php, no entendí bien el ejemplo de la clase","php"
"Hoy vamos a explorar excepciones checked en java, un tema que genera muchas dudas entre desarrolladores junior.","java"
"Clase 12: Entity Framework Core paso a paso, incluye desafíos de código y un proyecto integrador final en MVVM.","c#"
"¿Vale la pena migrar a CodeIgniter en 2026? Repasamos ventajas, desventajas y casos de uso reales para conexión a bases de datos con PDO. Veremos también cómo se integra con phpMyAdmin en un pipeline de deploy real. Además incluimos un mini benchmark comparando traits contra el enfoque tradicional.","php"
"La funcionalidad genéricos en Maven permite declarar componentes sin necesidad de configuración adicional. Consulte la referencia oficial para más detalles sobre la configuración de Eclipse.","java"
"Comparamos Pandas contra otras alternativas del ecosistema python, enfocándonos en procesamiento de datos con NumPy y rendimiento. Además incluimos un mini benchmark comparando entornos virtuales contra el enfoque tradicional.","python"
"Guía rápida: cómo implementar AJAX en Select2 en menos de 10 minutos. Recordá revisar la documentación oficial antes de llevar esto a producción.","jquery"
"Cheat sheet de .NET Core: los comandos y conceptos de el garbage collector que más vas a usar en el día a día. Recordá revisar la documentación oficial antes de llevar esto a producción.","c#"
"no me anda excepciones checked en Spring MVC, capaz que me falta instalar Gradle, revisar mañana","java"
"Cheat sheet de WPF: los comandos y conceptos de interfaces que más vas a usar en el día a día. Este enfoque también aplica si estás trabajando con Visual Studio.","c#"
"Guía rápida: cómo implementar middlewares en Symfony en menos de 10 minutos. Recordá revisar la documentación oficial antes de llevar esto a producción.","php"
"Paso 1: instalar VS Code. Paso 2: configurar Tailwind CSS. Paso 3: probar atributos ARIA con un ejemplo mínimo. Recordá revisar la documentación oficial antes de llevar esto a producción.","html"
"no me anda el AndroidManifest en Firebase, capaz que me falta instalar Android Studio, revisar mañana","android"
"¿Vale la pena migrar a Flexbox en 2026? Repasamos ventajas, desventajas y casos de uso reales para maquetación responsive.","html"
"me tira error raro con Retrofit, creo que es tema de versiones de ADB, googlear despues","android"
"Paso 1: instalar g++. Paso 2: configurar OpenCV. Paso 3: probar referencias con un ejemplo mínimo. Recordá revisar la documentación oficial antes de llevar esto a producción. Este enfoque también aplica si estás trabajando con GDB.","c++"
"Nota: al utilizar smart pointers en c++, se recomienda validar los tipos de entrada antes de invocar el método principal. Consulte la referencia oficial para más detalles sobre la configuración de g++. Este comportamiento puede cambiar en versiones futuras de Boost, revisar el changelog.","c++"
"Cheat sheet de Symfony: los comandos y conceptos de el autoloading que más vas a usar en el día a día.","php"
"Paso 1: instalar dotnet CLI. Paso 2: configurar Xamarin. Paso 3: probar interfaces con un ejemplo mínimo.","c#"
"repasar plugins para el parcial de jquery, no entendí bien el ejemplo de la clase -- ver video de youtube que recomendó un compañero sobre plugins","jquery"
"Guía rápida: cómo implementar templates en CMake en menos de 10 minutos. Recordá revisar la documentación oficial antes de llevar esto a producción. Este enfoque también aplica si estás trabajando con CMake.","c++"
"Tutorial paso a paso para configurar g++ y empezar a trabajar con OpenCV en c++. Este enfoque también aplica si estás trabajando con g++.","c++"
"tip del profe: usar NuGet para debuggear .NET Core, ahorra un montón de tiempo","c#"
"En este post analizamos las novedades de Celery y cómo afecta a los proyectos de python en producción. Veremos también cómo se integra con PyCharm en un pipeline de deploy real. Además incluimos un mini benchmark comparando decoradores contra el enfoque tradicional.","python"
"La funcionalidad el AndroidManifest en Android Studio permite declarar componentes sin necesidad de configuración adicional. Consulte la referencia oficial para más detalles sobre la configuración de ADB. Este comportamiento puede cambiar en versiones futuras de Android Studio, revisar el changelog.","android"
"me tira error raro con WordPress, creo que es tema de versiones de Composer, googlear despues -- ver video de youtube que recomendó un compañero sobre middlewares","php"
"Aprendé a construir aplicaciones reales de jquery combinando DataTables con buenas prácticas de selectores $().","jquery"
"Paso 1: instalar conda. Paso 2: configurar Pandas. Paso 3: probar entornos virtuales con un ejemplo mínimo. Este enfoque también aplica si estás trabajando con Poetry.","python"
"La funcionalidad namespaces en Boost permite declarar componentes sin necesidad de configuración adicional.","c++"
"La funcionalidad interfaces en Symfony permite declarar componentes sin necesidad de configuración adicional. Consulte la referencia oficial para más detalles sobre la configuración de XAMPP. Este comportamiento puede cambiar en versiones futuras de Symfony, revisar el changelog.","php"
"Comparamos DataTables contra otras alternativas del ecosistema jquery, enfocándonos en peticiones AJAX y rendimiento. Además incluimos un mini benchmark comparando selectores $() contra el enfoque tradicional.","jquery"
"Paso 1: instalar Chrome DevTools. Paso 2: configurar Select2. Paso 3: probar chaining de métodos con un ejemplo mínimo.","jquery"
"Módulo 11: Aprende a dominar Intents en Retrofit desde cero, con proyectos prácticos aplicados a manejo del ciclo de vida. Al finalizar el módulo recibirás un certificado y accederás a ejercicios adicionales de manejo del ciclo de vida.","android"
"Módulo 8: Aprende a dominar selectores $() en Bootstrap con jQuery desde cero, con proyectos prácticos aplicados a validación de formularios. Al finalizar el módulo recibirás un certificado y accederás a ejercicios adicionales de validación de formularios.","jquery"
"Curso intensivo de javascript: dominá Next.js y props en pocas semanas, con ejercicios evaluados automáticamente.","javascript"
"Este módulo documenta el uso correcto de el bundler webpack dentro del framework Vue, incluyendo parámetros opcionales. Este comportamiento puede cambiar en versiones futuras de Vue, revisar el changelog.","javascript"
"Nota: al utilizar manipulación del DOM en jquery, se recomienda validar los tipos de entrada antes de invocar el método principal. Consulte la referencia oficial para más detalles sobre la configuración de npm.","jquery"
"En esta unidad profundizamos en peticiones AJAX utilizando DataTables, ideal para quienes ya conocen lo básico de jquery.","jquery"
"me tira error raro con Express, creo que es tema de versiones de ESLint, googlear despues","javascript"
"Curso intensivo de jquery: dominá jQuery Mobile y chaining de métodos en pocas semanas, con ejercicios evaluados automáticamente. Al finalizar el módulo recibirás un certificado y accederás a ejercicios adicionales de peticiones AJAX.","jquery"
"todavia no me cierra como funciona formularios, hice un ejemplo copado pero se rompe con datos reales","html"
"Guía rápida: cómo implementar delegados en WPF en menos de 10 minutos. Este enfoque también aplica si estás trabajando con NuGet.","c#"
"no me anda el garbage collector en JUnit, capaz que me falta instalar Tomcat, revisar mañana","java"
"Hoy vamos a explorar el método .ready() en jquery, un tema que genera muchas dudas entre desarrolladores junior.","jquery"
"Paso 1: instalar phpMyAdmin. Paso 2: configurar Symfony. Paso 3: probar closures con un ejemplo mínimo.","php"
"Aprendé a construir aplicaciones reales de javascript combinando Nest.js con buenas prácticas de el bundler webpack.","javascript"
"Referencia rápida de event handlers: sintaxis básica, ejemplos y errores comunes en jquery.","jquery"
"Este módulo documenta el uso correcto de hooks dentro del framework Vue, incluyendo parámetros opcionales.","javascript"
"Una guía práctica sobre manejo de sesiones usando Slim Framework, con ejemplos de código y errores comunes a evitar.","php"
"Cheat sheet de Angular: los comandos y conceptos de el bundler webpack que más vas a usar en el día a día. Recordá revisar la documentación oficial antes de llevar esto a producción.","javascript"
"Referencia rápida de records: sintaxis básica, ejemplos y errores comunes en c#. Recordá revisar la documentación oficial antes de llevar esto a producción.","c#"
"apunte: smart pointers en c++ es re confuso, preguntarle al profe en la próxima clase","c++"
"La funcionalidad useEffect en Node.js permite declarar componentes sin necesidad de configuración adicional. Consulte la referencia oficial para más detalles sobre la configuración de webpack.","javascript"
"tip del profe: usar VS Code para debuggear CSS Grid, ahorra un montón de tiempo","html"
"En esta unidad profundizamos en optimización del bundle utilizando Angular, ideal para quienes ya conocen lo básico de javascript.","javascript"
"En esta unidad profundizamos en cache de consultas utilizando Symfony, ideal para quienes ya conocen lo básico de php.","php"
"En este post analizamos las novedades de CMake y cómo afecta a los proyectos de c++ en producción. Veremos también cómo se integra con GDB en un pipeline de deploy real. Además incluimos un mini benchmark comparando la stack y el heap contra el enfoque tradicional.","c++"
"no me anda el GIL en Pandas, capaz que me falta instalar PyCharm, revisar mañana -- ver video de youtube que recomendó un compañero sobre el GIL","python"
"Nota: al utilizar streams en java, se recomienda validar los tipos de entrada antes de invocar el método principal. Consulte la referencia oficial para más detalles sobre la configuración de Tomcat.","java"
"Django expone una API que facilita el uso de decoradores, siempre que el entorno esté configurado con Jupyter Notebook. Este comportamiento puede cambiar en versiones futuras de Django, revisar el changelog.","python"
"Módulo 10: Aprende a dominar animate() en Select2 desde cero, con proyectos prácticos aplicados a animaciones y efectos.","jquery"
"Tutorial paso a paso para configurar webpack y empezar a trabajar con Nest.js en javascript. Recordá revisar la documentación oficial antes de llevar esto a producción.","javascript"
"tip del profe: usar GDB para debuggear STL, ahorra un montón de tiempo","c++"
"Guía rápida: cómo implementar Intents en ViewModel en menos de 10 minutos. Recordá revisar la documentación oficial antes de llevar esto a producción. Este enfoque también aplica si estás trabajando con ADB.","android"
"Paso 1: instalar phpMyAdmin. Paso 2: configurar Symfony. Paso 3: probar interfaces con un ejemplo mínimo.","php"
"La funcionalidad promesas en Svelte permite declarar componentes sin necesidad de configuración adicional. Consulte la referencia oficial para más detalles sobre la configuración de TypeScript.","javascript"
"SQLAlchemy expone una API que facilita el uso de list comprehension, siempre que el entorno esté configurado con conda.","python"
"Curso intensivo de html: dominá Tailwind CSS y responsive design en pocas semanas, con ejercicios evaluados automáticamente. Al finalizar el módulo recibirás un certificado y accederás a ejercicios adicionales de diseño con Flexbox y Grid.","html"
"Módulo 8: Aprende a dominar destructuring en Express desde cero, con proyectos prácticos aplicados a autenticación con JWT.","javascript"
"La funcionalidad el garbage collector en WPF permite declarar componentes sin necesidad de configuración adicional. Consulte la referencia oficial para más detalles sobre la configuración de Visual Studio Code.","c#"
"Cheat sheet de Select2: los comandos y conceptos de manipulación del DOM que más vas a usar en el día a día. Recordá revisar la documentación oficial antes de llevar esto a producción.","jquery"
"no me anda anotaciones en Spring MVC, capaz que me falta instalar Docker, revisar mañana","java"
"me tira error raro con Jakarta EE, creo que es tema de versiones de Gradle, googlear despues","java"
"Módulo 6: Aprende a dominar templates en Qt desde cero, con proyectos prácticos aplicados a programación orientada a objetos. Al finalizar el módulo recibirás un certificado y accederás a ejercicios adicionales de programación orientada a objetos.","c++"
"¿Vale la pena migrar a MVVM en 2026? Repasamos ventajas, desventajas y casos de uso reales para testing con xUnit.","c#"
"me tira error raro con Android Studio, creo que es tema de versiones de Firebase Console, googlear despues -- ver video de youtube que recomendó un compañero sobre Intents","android"
"Referencia rápida de chaining de métodos: sintaxis básica, ejemplos y errores comunes en jquery. Recordá revisar la documentación oficial antes de llevar esto a producción.","jquery"
".NET Core expone una API que facilita el uso de async/await, siempre que el entorno esté configurado con Visual Studio Code.","c#"
"Una guía práctica sobre estructuras de datos usando STL, con ejemplos de código y errores comunes a evitar. Veremos también cómo se integra con Visual Studio en un pipeline de deploy real.","c++"
"pendiente: terminar el tp de c++ usando OpenCV, me falta la parte de templates -- ver video de youtube que recomendó un compañero sobre templates","c++"
"Nota: al utilizar callbacks en javascript, se recomienda validar los tipos de entrada antes de invocar el método principal. Consulte la referencia oficial para más detalles sobre la configuración de webpack.","javascript"
"Cheat sheet de Kotlin Coroutines: los comandos y conceptos de RecyclerView que más vas a usar en el día a día.","android"
"Curso intensivo de python: dominá Celery y context managers en pocas semanas, con ejercicios evaluados automáticamente.","python"
"¿Vale la pena migrar a FastAPI en 2026? Repasamos ventajas, desventajas y casos de uso reales para web scraping. Veremos también cómo se integra con conda en un pipeline de deploy real.","python"
"Comparamos CodeIgniter contra otras alternativas del ecosistema php, enfocándonos en desarrollo de plugins de WordPress y rendimiento. Veremos también cómo se integra con XAMPP en un pipeline de deploy real.","php"
"Tutorial paso a paso para configurar Tomcat y empezar a trabajar con Maven en java. Este enfoque también aplica si estás trabajando con IntelliJ IDEA.","java"
"Comparamos Select2 contra otras alternativas del ecosistema jquery, enfocándonos en manipulación dinámica del DOM y rendimiento. Veremos también cómo se integra con CDN de jQuery en un pipeline de deploy real.","jquery"
"Paso 1: instalar Docker. Paso 2: configurar Maven. Paso 3: probar streams con un ejemplo mínimo. Recordá revisar la documentación oficial antes de llevar esto a producción.","java"
"no me anda el garbage collector en Entity Framework, capaz que me falta instalar NuGet, revisar mañana","c#"
"Referencia rápida de destructuring: sintaxis básica, ejemplos y errores comunes en javascript.","javascript"
"Módulo 3: Aprende a dominar Intents en Firebase desde cero, con proyectos prácticos aplicados a publicación en Google Play. Al finalizar el módulo recibirás un certificado y accederás a ejercicios adicionales de publicación en Google Play.","android"
"Clase 8: desarrollo de APIs REST paso a paso, incluye desafíos de código y un proyecto integrador final en .NET Core.","c#"
"pendiente: terminar el tp de java usando Spring Data JPA, me falta la parte de polimorfismo","java"
"Aprendé a construir aplicaciones reales de php combinando Symfony con buenas prácticas de middlewares.","php"
"Este módulo documenta el uso correcto de interfaces dentro del framework Laravel, incluyendo parámetros opcionales. Este comportamiento puede cambiar en versiones futuras de Laravel, revisar el changelog.","php"
"Guía rápida: cómo implementar el spread operator en Express en menos de 10 minutos.","javascript"
"todavia no me cierra como funciona chaining de métodos, hice un ejemplo copado pero se rompe con datos reales","jquery"
"Tutorial paso a paso para configurar Valgrind y empezar a trabajar con Qt en c++. Recordá revisar la documentación oficial antes de llevar esto a producción.","c++"
"Módulo 11: Aprende a dominar el ciclo de vida en Firebase desde cero, con proyectos prácticos aplicados a persistencia local con Room. Al finalizar el módulo recibirás un certificado y accederás a ejercicios adicionales de persistencia local con Room.","android"
"Clase 5: autenticación de usuarios paso a paso, incluye desafíos de código y un proyecto integrador final en Laravel.","php"
"Comparamos Jakarta EE contra otras alternativas del ecosistema java, enfocándonos en arquitectura de microservicios y rendimiento. Veremos también cómo se integra con Maven en un pipeline de deploy real. Además incluimos un mini benchmark comparando anotaciones contra el enfoque tradicional.","java"
"Una guía práctica sobre testing con xUnit usando Blazor, con ejemplos de código y errores comunes a evitar.","c#"
"Guía rápida: cómo implementar interfaces en Symfony en menos de 10 minutos.","php"
"Gradle expone una API que facilita el uso de interfaces funcionales, siempre que el entorno esté configurado con Eclipse. Consulte la referencia oficial para más detalles sobre la configuración de Eclipse.","java"
"Módulo 8: Aprende a dominar el DOM virtual en Angular desde cero, con proyectos prácticos aplicados a optimización del bundle.","javascript"
"Una guía práctica sobre animaciones y efectos usando jQuery UI, con ejemplos de código y errores comunes a evitar. Veremos también cómo se integra con CDN de jQuery en un pipeline de deploy real.","jquery"
"Paso 1: instalar ESLint. Paso 2: configurar React. Paso 3: probar callbacks con un ejemplo mínimo.","javascript"
"En este post analizamos las novedades de Entity Framework y cómo afecta a los proyectos de c# en producción.","c#"
"apunte: context managers en python es re confuso, preguntarle al profe en la próxima clase","python"
"Cheat sheet de JUnit: los comandos y conceptos de genéricos que más vas a usar en el día a día. Recordá revisar la documentación oficial antes de llevar esto a producción. Este enfoque también aplica si estás trabajando con IntelliJ IDEA.","java"
"Paso 1: instalar Lighthouse. Paso 2: configurar Bulma. Paso 3: probar formularios con un ejemplo mínimo.","html"
"Hoy vamos a explorar el patrón singleton en java, un tema que genera muchas dudas entre desarrolladores junior.","java"
"En esta unidad profundizamos en formularios accesibles utilizando Tailwind CSS, ideal para quienes ya conocen lo básico de html.","html"
"Referencia rápida de Fragments: sintaxis básica, ejemplos y errores comunes en android.","android"
"La clase principal de Flexbox implementa meta tags internamente para optimizar el ciclo de vida del componente.","html"
"Una guía práctica sobre manejo de estado usando Node.js, con ejemplos de código y errores comunes a evitar. Veremos también cómo se integra con webpack en un pipeline de deploy real.","javascript"
"La clase principal de Tailwind CSS implementa atributos ARIA internamente para optimizar el ciclo de vida del componente. Consulte la referencia oficial para más detalles sobre la configuración de Figma. Este comportamiento puede cambiar en versiones futuras de Tailwind CSS, revisar el changelog.","html"
"pendiente: terminar el tp de jquery usando Bootstrap con jQuery, me falta la parte de selectores $() -- ver video de youtube que recomendó un compañero sobre selectores $()","jquery"
"Este módulo documenta el uso correcto de permisos en runtime dentro del framework Firebase, incluyendo parámetros opcionales. Consulte la referencia oficial para más detalles sobre la configuración de Firebase Console.","android"
"Referencia rápida de el patrón singleton: sintaxis básica, ejemplos y errores comunes en java.","java"
"Tutorial paso a paso para configurar Visual Studio y empezar a trabajar con Boost en c++. Este enfoque también aplica si estás trabajando con Visual Studio.","c++"
"no me anda RecyclerView en Kotlin Coroutines, capaz que me falta instalar Gradle, revisar mañana","android"
"todavia no me cierra como funciona punteros, hice un ejemplo copado pero se rompe con datos reales","c++"
"Referencia rápida de animate(): sintaxis básica, ejemplos y errores comunes en jquery.","jquery"
"repasar Activities para el parcial de android, no entendí bien el ejemplo de la clase","android"
"apunte: el garbage collector en c# es re confuso, preguntarle al profe en la próxima clase -- ver video de youtube que recomendó un compañero sobre el garbage collector","c#"
"Paso 1: instalar pnpm. Paso 2: configurar Angular. Paso 3: probar el DOM virtual con un ejemplo mínimo. Recordá revisar la documentación oficial antes de llevar esto a producción. Este enfoque también aplica si estás trabajando con Babel.","javascript"
"La clase principal de FastAPI implementa entornos virtuales internamente para optimizar el ciclo de vida del componente. Consulte la referencia oficial para más detalles sobre la configuración de pip.","python"
"La funcionalidad formularios en Bootstrap permite declarar componentes sin necesidad de configuración adicional. Consulte la referencia oficial para más detalles sobre la configuración de VS Code.","html"
"Clase 8: fetch de datos con AJAX paso a paso, incluye desafíos de código y un proyecto integrador final en Svelte. Al finalizar el módulo recibirás un certificado y accederás a ejercicios adicionales de fetch de datos con AJAX.","javascript"
"Curso intensivo de c++: dominá Boost y la stack y el heap en pocas semanas, con ejercicios evaluados automáticamente.","c++"
"Cheat sheet de Eloquent ORM: los comandos y conceptos de traits que más vas a usar en el día a día.","php"
"Tutorial paso a paso para configurar pnpm y empezar a trabajar con Node.js en javascript. Recordá revisar la documentación oficial antes de llevar esto a producción.","javascript"
"Guía rápida: cómo implementar eventos en .NET Core en menos de 10 minutos. Este enfoque también aplica si estás trabajando con Visual Studio.","c#"
"Cheat sheet de Maven: los comandos y conceptos de streams que más vas a usar en el día a día. Recordá revisar la documentación oficial antes de llevar esto a producción.","java"
"me tira error raro con Maven, creo que es tema de versiones de Maven, googlear despues","java"
"repasar el ciclo de vida para el parcial de android, no entendí bien el ejemplo de la clase","android"
"Cheat sheet de ViewModel: los comandos y conceptos de Activities que más vas a usar en el día a día.","android"
"Comparamos Next.js contra otras alternativas del ecosistema javascript, enfocándonos en componentes reutilizables y rendimiento.","javascript"
"Módulo 5: Aprende a dominar smart pointers en STL desde cero, con proyectos prácticos aplicados a concurrencia con threads.","c++"
"Referencia rápida de la JVM: sintaxis básica, ejemplos y errores comunes en java. Este enfoque también aplica si estás trabajando con Docker.","java"
"La funcionalidad namespaces en Boost permite declarar componentes sin necesidad de configuración adicional. Consulte la referencia oficial para más detalles sobre la configuración de Visual Studio. Este comportamiento puede cambiar en versiones futuras de Boost, revisar el changelog.","c++"
"La clase principal de Qt implementa referencias internamente para optimizar el ciclo de vida del componente.","c++"
"repasar manipulación del DOM para el parcial de jquery, no entendí bien el ejemplo de la clase","jquery"
"¿Vale la pena migrar a Vue en 2026? Repasamos ventajas, desventajas y casos de uso reales para fetch de datos con AJAX.","javascript"
"Clase 2: concurrencia con threads paso a paso, incluye desafíos de código y un proyecto integrador final en Spring Data JPA.","java"
"pendiente: terminar el tp de php usando Eloquent ORM, me falta la parte de traits","php"
"Comparamos Maven contra otras alternativas del ecosistema java, enfocándonos en concurrencia con threads y rendimiento. Veremos también cómo se integra con Maven en un pipeline de deploy real. Además incluimos un mini benchmark comparando threads contra el enfoque tradicional.","java"
"Paso 1: instalar Chrome DevTools. Paso 2: configurar CSS Grid. Paso 3: probar responsive design con un ejemplo mínimo.","html"
"no me anda promesas en React, capaz que me falta instalar ESLint, revisar mañana","javascript"
"Cheat sheet de MVVM: los comandos y conceptos de LINQ que más vas a usar en el día a día.","c#"
"Tutorial paso a paso para configurar Chrome DevTools y empezar a trabajar con DataTables en jquery. Recordá revisar la documentación oficial antes de llevar esto a producción.","jquery"
"Aprendé a construir aplicaciones reales de html combinando Bootstrap con buenas prácticas de formularios.","html"
"Cheat sheet de Xamarin: los comandos y conceptos de eventos que más vas a usar en el día a día. Este enfoque también aplica si estás trabajando con dotnet CLI.","c#"
"me tira error raro con ViewModel, creo que es tema de versiones de Gradle, googlear despues","android"
"Blazor expone una API que facilita el uso de genéricos, siempre que el entorno esté configurado con dotnet CLI.","c#"
"pendiente: terminar el tp de php usando Symfony, me falta la parte de programación orientada a objetos -- ver video de youtube que recomendó un compañero sobre programación orientada a objetos","php"
"no me anda decoradores en FastAPI, capaz que me falta instalar pip, revisar mañana -- ver video de youtube que recomendó un compañero sobre decoradores","python"
"Nota: al utilizar entornos virtuales en python, se recomienda validar los tipos de entrada antes de invocar el método principal.","python"
"me tira error raro con OpenCV, creo que es tema de versiones de g++, googlear despues -- ver video de youtube que recomendó un compañero sobre memoria dinámica","c++"
"En esta unidad profundizamos en arquitectura en capas utilizando MVVM, ideal para quienes ya conocen lo básico de c#. Al finalizar el módulo recibirás un certificado y accederás a ejercicios adicionales de arquitectura en capas.","c#"
"Módulo 2: Aprende a dominar list comprehension en NumPy desde cero, con proyectos prácticos aplicados a desarrollo de APIs con FastAPI.","python"
"Una guía práctica sobre optimización de rendimiento usando Boost, con ejemplos de código y errores comunes a evitar.","c++"
"Curso intensivo de php: dominá Symfony y middlewares en pocas semanas, con ejercicios evaluados automáticamente.","php"
"En esta unidad profundizamos en diseño de interfaces con Compose utilizando Retrofit, ideal para quienes ya conocen lo básico de android. Al finalizar el módulo recibirás un certificado y accederás a ejercicios adicionales de diseño de interfaces con Compose.","android"
"me tira error raro con Spring MVC, creo que es tema de versiones de Eclipse, googlear despues -- ver video de youtube que recomendó un compañero sobre polimorfismo","java"
"La funcionalidad arrow functions en Svelte permite declarar componentes sin necesidad de configuración adicional. Consulte la referencia oficial para más detalles sobre la configuración de webpack.","javascript"
"Una guía práctica sobre notificaciones push usando Kotlin Coroutines, con ejemplos de código y errores comunes a evitar. Además incluimos un mini benchmark comparando RecyclerView contra el enfoque tradicional.","android"
"Tutorial paso a paso para configurar Figma y empezar a trabajar con Flexbox en html.","html"
"Curso intensivo de java: dominá JUnit y streams en pocas semanas, con ejercicios evaluados automáticamente. Al finalizar el módulo recibirás un certificado y accederás a ejercicios adicionales de persistencia con JPA.","java"
"Tutorial paso a paso para configurar Maven y empezar a trabajar con Spring MVC en java. Recordá revisar la documentación oficial antes de llevar esto a producción.","java"
"Clase 12: arquitectura de microservicios paso a paso, incluye desafíos de código y un proyecto integrador final en Maven. Al finalizar el módulo recibirás un certificado y accederás a ejercicios adicionales de arquitectura de microservicios.","java"
"¿Vale la pena migrar a jQuery Mobile en 2026? Repasamos ventajas, desventajas y casos de uso reales para manipulación dinámica del DOM. Veremos también cómo se integra con npm en un pipeline de deploy real. Además incluimos un mini benchmark comparando el método .ready() contra el enfoque tradicional.","jquery"
"repasar props para el parcial de javascript, no entendí bien el ejemplo de la clase","javascript"
"apunte: async/await en c# es re confuso, preguntarle al profe en la próxima clase","c#"
"Hoy vamos a explorar context managers en python, un tema que genera muchas dudas entre desarrolladores junior. Veremos también cómo se integra con PyCharm en un pipeline de deploy real. Además incluimos un mini benchmark comparando context managers contra el enfoque tradicional.","python"
"La funcionalidad el GIL en Pandas permite declarar componentes sin necesidad de configuración adicional.","python"
"¿Vale la pena migrar a Spring Data JPA en 2026? Repasamos ventajas, desventajas y casos de uso reales para manejo de excepciones. Además incluimos un mini benchmark comparando el patrón singleton contra el enfoque tradicional.","java"
"La funcionalidad el ciclo de vida en ViewModel permite declarar componentes sin necesidad de configuración adicional. Consulte la referencia oficial para más detalles sobre la configuración de Firebase Console.","android"
"Guía rápida: cómo implementar SEO on-page en Flexbox en menos de 10 minutos.","html"
"Comparamos Pytest contra otras alternativas del ecosistema python, enfocándonos en automatización de tareas y rendimiento. Veremos también cómo se integra con conda en un pipeline de deploy real. Además incluimos un mini benchmark comparando generadores contra el enfoque tradicional.","python"
"En este post analizamos las novedades de OpenCV y cómo afecta a los proyectos de c++ en producción. Además incluimos un mini benchmark comparando memoria dinámica contra el enfoque tradicional.","c++"
"Curso intensivo de php: dominá WordPress y el autoloading en pocas semanas, con ejercicios evaluados automáticamente. Al finalizar el módulo recibirás un certificado y accederás a ejercicios adicionales de APIs RESTful.","php"
"Aprendé a construir aplicaciones reales de python combinando Pandas con buenas prácticas de dataclasses.","python"
"La funcionalidad chaining de métodos en DataTables permite declarar componentes sin necesidad de configuración adicional. Este comportamiento puede cambiar en versiones futuras de DataTables, revisar el changelog.","jquery"
"Cheat sheet de React: los comandos y conceptos de el bundler webpack que más vas a usar en el día a día. Recordá revisar la documentación oficial antes de llevar esto a producción.","javascript"
"La clase principal de jQuery UI implementa manipulación del DOM internamente para optimizar el ciclo de vida del componente.","jquery"
"Una guía práctica sobre inyección de dependencias usando Blazor, con ejemplos de código y errores comunes a evitar.","c#"
"Tutorial paso a paso para configurar Gradle y empezar a trabajar con Retrofit en android. Este enfoque también aplica si estás trabajando con Firebase Console.","android"
"apunte: meta tags en html es re confuso, preguntarle al profe en la próxima clase","html"
"tip del profe: usar Chrome DevTools para debuggear Bulma, ahorra un montón de tiempo -- ver video de youtube que recomendó un compañero sobre etiquetas semánticas","html"
"Paso 1: instalar IntelliJ IDEA. Paso 2: configurar Maven. Paso 3: probar interfaces funcionales con un ejemplo mínimo.","java"
"WPF expone una API que facilita el uso de el garbage collector, siempre que el entorno esté configurado con Visual Studio Code. Consulte la referencia oficial para más detalles sobre la configuración de Visual Studio Code.","c#"
"Este módulo documenta el uso correcto de referencias dentro del framework CMake, incluyendo parámetros opcionales.","c++"
"Módulo 7: Aprende a dominar interfaces en Slim Framework desde cero, con proyectos prácticos aplicados a APIs RESTful.","php"
"Tutorial paso a paso para configurar VS Code y empezar a trabajar con Flexbox en html.","html"
"Guía rápida: cómo implementar programación orientada a objetos en Symfony en menos de 10 minutos.","php"
"Referencia rápida de módulos ES6: sintaxis básica, ejemplos y errores comunes en javascript.","javascript"
"¿Vale la pena migrar a FastAPI en 2026? Repasamos ventajas, desventajas y casos de uso reales para web scraping. Veremos también cómo se integra con Poetry en un pipeline de deploy real.","python"
"me tira error raro con Composer, creo que es tema de versiones de PHPUnit, googlear despues","php"
"¿Vale la pena migrar a WPF en 2026? Repasamos ventajas, desventajas y casos de uso reales para inyección de dependencias. Veremos también cómo se integra con Visual Studio en un pipeline de deploy real. Además incluimos un mini benchmark comparando eventos contra el enfoque tradicional.","c#"
"Paso 1: instalar Jupyter Notebook. Paso 2: configurar Django. Paso 3: probar entornos virtuales con un ejemplo mínimo. Recordá revisar la documentación oficial antes de llevar esto a producción.","python"
"Aprendé a construir aplicaciones reales de python combinando FastAPI con buenas prácticas de decoradores. Al finalizar el módulo recibirás un certificado y accederás a ejercicios adicionales de testing con pytest.","python"
"Clase 3: despliegue en contenedores paso a paso, incluye desafíos de código y un proyecto integrador final en Spring Boot.","java"
"Nota: al utilizar genéricos en c#, se recomienda validar los tipos de entrada antes de invocar el método principal.","c#"
"Nota: al utilizar smart pointers en c++, se recomienda validar los tipos de entrada antes de invocar el método principal.","c++"
"Nota: al utilizar context managers en python, se recomienda validar los tipos de entrada antes de invocar el método principal.","python"
"Bootstrap con jQuery expone una API que facilita el uso de plugins, siempre que el entorno esté configurado con CDN de jQuery.","jquery"
"Cheat sheet de FastAPI: los comandos y conceptos de generadores que más vas a usar en el día a día. Este enfoque también aplica si estás trabajando con PyCharm.","python"
"Referencia rápida de middlewares: sintaxis básica, ejemplos y errores comunes en php. Recordá revisar la documentación oficial antes de llevar esto a producción. Este enfoque también aplica si estás trabajando con phpMyAdmin.","php"
"no me anda LINQ en Xamarin, capaz que me falta instalar NuGet, revisar mañana","c#"
"CMake expone una API que facilita el uso de referencias, siempre que el entorno esté configurado con CMake. Consulte la referencia oficial para más detalles sobre la configuración de CMake.","c++"
"Nota: al utilizar event handlers en jquery, se recomienda validar los tipos de entrada antes de invocar el método principal. Consulte la referencia oficial para más detalles sobre la configuración de Chrome DevTools. Este comportamiento puede cambiar en versiones futuras de jQuery UI, revisar el changelog.","jquery"
"apunte: sobrecarga de operadores en c++ es re confuso, preguntarle al profe en la próxima clase -- ver video de youtube que recomendó un compañero sobre sobrecarga de operadores","c++"
"Comparamos Select2 contra otras alternativas del ecosistema jquery, enfocándonos en animaciones y efectos y rendimiento. Veremos también cómo se integra con Chrome DevTools en un pipeline de deploy real.","jquery"
"todavia no me cierra como funciona genéricos, hice un ejemplo copado pero se rompe con datos reales","java"
"me tira error raro con Spring Boot, creo que es tema de versiones de Eclipse, googlear despues","java"
"Curso intensivo de html: dominá Tailwind CSS y accesibilidad (a11y) en pocas semanas, con ejercicios evaluados automáticamente.","html"
"Este módulo documenta el uso correcto de PDO dentro del framework WordPress, incluyendo parámetros opcionales.","php"
"Módulo 7: Aprende a dominar accesibilidad (a11y) en Bulma desde cero, con proyectos prácticos aplicados a compatibilidad entre navegadores. Al finalizar el módulo recibirás un certificado y accederás a ejercicios adicionales de compatibilidad entre navegadores.","html"
"Comparamos Composer contra otras alternativas del ecosistema php, enfocándonos en manejo de sesiones y rendimiento.","php"
"pendiente: terminar el tp de c# usando .NET Core, me falta la parte de delegados","c#"
"En esta unidad profundizamos en compatibilidad entre navegadores utilizando Bulma, ideal para quienes ya conocen lo básico de html.","html"
"Módulo 12: Aprende a dominar programación orientada a objetos en Symfony desde cero, con proyectos prácticos aplicados a autenticación de usuarios.","php"
"La funcionalidad smart pointers en Boost permite declarar componentes sin necesidad de configuración adicional.","c++"
"tip del profe: usar PHPUnit para debuggear CodeIgniter, ahorra un montón de tiempo","php"
"STL expone una API que facilita el uso de la stack y el heap, siempre que el entorno esté configurado con CMake.","c++"
"no me anda meta tags en CSS Grid, capaz que me falta instalar VS Code, revisar mañana","html"
"Nota: al utilizar RAII en c++, se recomienda validar los tipos de entrada antes de invocar el método principal. Consulte la referencia oficial para más detalles sobre la configuración de Visual Studio.","c++"
"Aprendé a construir aplicaciones reales de c# combinando MVVM con buenas prácticas de nullable reference types. Al finalizar el módulo recibirás un certificado y accederás a ejercicios adicionales de desarrollo de APIs REST.","c#"
"En esta unidad profundizamos en programación orientada a objetos utilizando CMake, ideal para quienes ya conocen lo básico de c++. Al finalizar el módulo recibirás un certificado y accederás a ejercicios adicionales de programación orientada a objetos.","c++"
"Hoy vamos a explorar delegados en c#, un tema que genera muchas dudas entre desarrolladores junior.","c#"
"repasar sobrecarga de operadores para el parcial de c++, no entendí bien el ejemplo de la clase","c++"
"pendiente: terminar el tp de python usando Django, me falta la parte de entornos virtuales","python"
"no me anda inyección de dependencias en Jakarta EE, capaz que me falta instalar IntelliJ IDEA, revisar mañana","java"
"Curso intensivo de php: dominá Laravel y el autoloading en pocas semanas, con ejercicios evaluados automáticamente.","php"
"repasar módulos ES6 para el parcial de javascript, no entendí bien el ejemplo de la clase","javascript"
"Nota: al utilizar useEffect en javascript, se recomienda validar los tipos de entrada antes de invocar el método principal. Consulte la referencia oficial para más detalles sobre la configuración de Babel.","javascript"
"En esta unidad profundizamos en estructuras de datos utilizando Boost, ideal para quienes ya conocen lo básico de c++.","c++"
"La clase principal de jQuery Mobile implementa manipulación del DOM internamente para optimizar el ciclo de vida del componente.","jquery"
"Cheat sheet de STL: los comandos y conceptos de sobrecarga de operadores que más vas a usar en el día a día.","c++"
"En esta unidad profundizamos en arquitectura de microservicios utilizando Hibernate, ideal para quienes ya conocen lo básico de java.","java"
"En esta unidad profundizamos en publicación en Google Play utilizando LiveData, ideal para quienes ya conocen lo básico de android.","android"
"Clase 4: despliegue en contenedores paso a paso, incluye desafíos de código y un proyecto integrador final en Gradle. Al finalizar el módulo recibirás un certificado y accederás a ejercicios adicionales de despliegue en contenedores.","java"
"me tira error raro con FastAPI, creo que es tema de versiones de Poetry, googlear despues","python"
"La funcionalidad props en Express permite declarar componentes sin necesidad de configuración adicional.","javascript"
"Aprendé a construir aplicaciones reales de c# combinando Entity Framework con buenas prácticas de nullable reference types. Al finalizar el módulo recibirás un certificado y accederás a ejercicios adicionales de despliegue en Azure.","c#"
"pendiente: terminar el tp de python usando Flask, me falta la parte de context managers","python"
"Paso 1: instalar Visual Studio Code. Paso 2: configurar Blazor. Paso 3: probar eventos con un ejemplo mínimo.","c#"
"¿Vale la pena migrar a Hibernate en 2026? Repasamos ventajas, desventajas y casos de uso reales para concurrencia con threads. Veremos también cómo se integra con Tomcat en un pipeline de deploy real. Además incluimos un mini benchmark comparando streams contra el enfoque tradicional.","java"
"Este módulo documenta el uso correcto de Intents dentro del framework Android Studio, incluyendo parámetros opcionales.","android"
"¿Vale la pena migrar a STL en 2026? Repasamos ventajas, desventajas y casos de uso reales para compilación y linking. Veremos también cómo se integra con Makefile en un pipeline de deploy real. Además incluimos un mini benchmark comparando la stack y el heap contra el enfoque tradicional.","c++"
"todavia no me cierra como funciona polimorfismo, hice un ejemplo copado pero se rompe con datos reales","java"
"Aprendé a construir aplicaciones reales de javascript combinando Next.js con buenas prácticas de el DOM virtual.","javascript"
"En este post analizamos las novedades de CMake y cómo afecta a los proyectos de c++ en producción. Veremos también cómo se integra con Visual Studio en un pipeline de deploy real.","c++"
"repasar el GIL para el parcial de python, no entendí bien el ejemplo de la clase -- ver video de youtube que recomendó un compañero sobre el GIL","python"
"no me anda programación orientada a objetos en Eloquent ORM, capaz que me falta instalar PHPUnit, revisar mañana -- ver video de youtube que recomendó un compañero sobre programación orientada a objetos","php"
"Una guía práctica sobre concurrencia con threads usando CMake, con ejemplos de código y errores comunes a evitar.","c++"
"Una guía práctica sobre testing unitario con JUnit usando Maven, con ejemplos de código y errores comunes a evitar.","java"
"¿Vale la pena migrar a CSS Grid en 2026? Repasamos ventajas, desventajas y casos de uso reales para optimización SEO.","html"
"Guía rápida: cómo implementar Intents en Firebase en menos de 10 minutos.","android"
"Aprendé a construir aplicaciones reales de android combinando Android Studio con buenas prácticas de el AndroidManifest.","android"
"Nota: al utilizar generadores en python, se recomienda validar los tipos de entrada antes de invocar el método principal. Consulte la referencia oficial para más detalles sobre la configuración de Jupyter Notebook. Este comportamiento puede cambiar en versiones futuras de Pytest, revisar el changelog.","python"
"Clase 11: migraciones con Laravel paso a paso, incluye desafíos de código y un proyecto integrador final en Symfony.","php"
"repasar generadores para el parcial de python, no entendí bien el ejemplo de la clase","python"
"Una guía práctica sobre diseño con Flexbox y Grid usando Bulma, con ejemplos de código y errores comunes a evitar.","html"
"¿Vale la pena migrar a Tailwind CSS en 2026? Repasamos ventajas, desventajas y casos de uso reales para optimización SEO.","html"
"La clase principal de Vue implementa destructuring internamente para optimizar el ciclo de vida del componente.","javascript"
"Aprendé a construir aplicaciones reales de android combinando Jetpack Compose con buenas prácticas de el AndroidManifest.","android"
"Referencia rápida de programación orientada a objetos: sintaxis básica, ejemplos y errores comunes en php.","php"
"me tira error raro con STL, creo que es tema de versiones de Valgrind, googlear despues -- ver video de youtube que recomendó un compañero sobre smart pointers","c++"
"La funcionalidad interfaces en CodeIgniter permite declarar componentes sin necesidad de configuración adicional. Este comportamiento puede cambiar en versiones futuras de CodeIgniter, revisar el changelog.","php"
"Guía rápida: cómo implementar records en Blazor en menos de 10 minutos. Recordá revisar la documentación oficial antes de llevar esto a producción.","c#"
"no me anda destructuring en React, capaz que me falta instalar Vite, revisar mañana -- ver video de youtube que recomendó un compañero sobre destructuring","javascript"
"tip del profe: usar TypeScript para debuggear Angular, ahorra un montón de tiempo","javascript"
"Aprendé a construir aplicaciones reales de android combinando LiveData con buenas prácticas de el ciclo de vida. Al finalizar el módulo recibirás un certificado y accederás a ejercicios adicionales de manejo del ciclo de vida.","android"
"Curso intensivo de javascript: dominá Nest.js y callbacks en pocas semanas, con ejercicios evaluados automáticamente. Al finalizar el módulo recibirás un certificado y accederás a ejercicios adicionales de manejo de estado.","javascript"
"La funcionalidad type hints en Django permite declarar componentes sin necesidad de configuración adicional. Consulte la referencia oficial para más detalles sobre la configuración de conda.","python"
"Clase 5: Entity Framework Core paso a paso, incluye desafíos de código y un proyecto integrador final en Blazor.","c#"
"DataTables expone una API que facilita el uso de event handlers, siempre que el entorno esté configurado con Chrome DevTools. Consulte la referencia oficial para más detalles sobre la configuración de Chrome DevTools.","jquery"
"Una guía práctica sobre persistencia con JPA usando Spring Boot, con ejemplos de código y errores comunes a evitar. Veremos también cómo se integra con Maven en un pipeline de deploy real.","java"
"En esta unidad profundizamos en optimización de memoria utilizando Android Studio, ideal para quienes ya conocen lo básico de android. Al finalizar el módulo recibirás un certificado y accederás a ejercicios adicionales de optimización de memoria.","android"
"Hoy vamos a explorar selectores $() en jquery, un tema que genera muchas dudas entre desarrolladores junior. Veremos también cómo se integra con npm en un pipeline de deploy real. Además incluimos un mini benchmark comparando selectores $() contra el enfoque tradicional.","jquery"
"Este módulo documenta el uso correcto de list comprehension dentro del framework Flask, incluyendo parámetros opcionales. Este comportamiento puede cambiar en versiones futuras de Flask, revisar el changelog.","python"
"apunte: animate() en jquery es re confuso, preguntarle al profe en la próxima clase","jquery"
"pendiente: terminar el tp de c# usando .NET Core, me falta la parte de records -- ver video de youtube que recomendó un compañero sobre records","c#"
"Guía rápida: cómo implementar callbacks en React en menos de 10 minutos. Recordá revisar la documentación oficial antes de llevar esto a producción.","javascript"
"La clase principal de CMake implementa punteros internamente para optimizar el ciclo de vida del componente. Consulte la referencia oficial para más detalles sobre la configuración de Makefile. Este comportamiento puede cambiar en versiones futuras de CMake, revisar el changelog.","c++"
"me tira error raro con CMake, creo que es tema de versiones de GDB, googlear despues","c++"
"Módulo 5: Aprende a dominar meta tags en Flexbox desde cero, con proyectos prácticos aplicados a optimización SEO.","html"
"Nota: al utilizar el ciclo de vida en android, se recomienda validar los tipos de entrada antes de invocar el método principal.","android"
"no me anda el spread operator en Express, capaz que me falta instalar pnpm, revisar mañana","javascript"
"Este módulo documenta el uso correcto de entornos virtuales dentro del framework Pandas, incluyendo parámetros opcionales.","python"
"La clase principal de Django implementa dataclasses internamente para optimizar el ciclo de vida del componente. Este comportamiento puede cambiar en versiones futuras de Django, revisar el changelog.","python"
"Módulo 9: Aprende a dominar templates en Qt desde cero, con proyectos prácticos aplicados a estructuras de datos.","c++"
"En este post analizamos las novedades de .NET Core y cómo afecta a los proyectos de c# en producción. Además incluimos un mini benchmark comparando interfaces contra el enfoque tradicional.","c#"
"Módulo 5: Aprende a dominar etiquetas semánticas en Bulma desde cero, con proyectos prácticos aplicados a formularios accesibles. Al finalizar el módulo recibirás un certificado y accederás a ejercicios adicionales de formularios accesibles.","html"
"Guía rápida: cómo implementar SEO on-page en CSS Grid en menos de 10 minutos. Recordá revisar la documentación oficial antes de llevar esto a producción.","html"
"tip del profe: usar Makefile para debuggear CMake, ahorra un montón de tiempo","c++"
"En esta unidad profundizamos en despliegue en Azure utilizando WPF, ideal para quienes ya conocen lo básico de c#. Al finalizar el módulo recibirás un certificado y accederás a ejercicios adicionales de despliegue en Azure.","c#"
"Clase 11: gestión manual de memoria paso a paso, incluye desafíos de código y un proyecto integrador final en OpenCV.","c++"
"Este módulo documenta el uso correcto de animate() dentro del framework Select2, incluyendo parámetros opcionales. Consulte la referencia oficial para más detalles sobre la configuración de CDN de jQuery.","jquery"
"tip del profe: usar Android Studio para debuggear LiveData, ahorra un montón de tiempo","android"
"repasar event handlers para el parcial de jquery, no entendí bien el ejemplo de la clase","jquery"
"Este módulo documenta el uso correcto de delegados dentro del framework ASP.NET Core, incluyendo parámetros opcionales.","c#"
"Paso 1: instalar ESLint. Paso 2: configurar React. Paso 3: probar callbacks con un ejemplo mínimo. Recordá revisar la documentación oficial antes de llevar esto a producción.","javascript"
"Este módulo documenta el uso correcto de el ciclo de vida dentro del framework LiveData, incluyendo parámetros opcionales. Consulte la referencia oficial para más detalles sobre la configuración de Android Studio.","android"
"¿Vale la pena migrar a Next.js en 2026? Repasamos ventajas, desventajas y casos de uso reales para manejo de estado. Además incluimos un mini benchmark comparando destructuring contra el enfoque tradicional.","javascript"
"Aprendé a construir aplicaciones reales de android combinando Android Studio con buenas prácticas de layouts XML. Al finalizar el módulo recibirás un certificado y accederás a ejercicios adicionales de manejo del ciclo de vida.","android"
"Una guía práctica sobre optimización del bundle usando Next.js, con ejemplos de código y errores comunes a evitar. Veremos también cómo se integra con yarn en un pipeline de deploy real.","javascript"
"Tutorial paso a paso para configurar phpMyAdmin y empezar a trabajar con Composer en php. Recordá revisar la documentación oficial antes de llevar esto a producción.","php"
"Referencia rápida de el AndroidManifest: sintaxis básica, ejemplos y errores comunes en android.","android"
"me tira error raro con OpenCV, creo que es tema de versiones de g++, googlear despues -- ver video de youtube que recomendó un compañero sobre referencias","c++"
"Tutorial paso a paso para configurar phpMyAdmin y empezar a trabajar con Symfony en php.","php"
"todavia no me cierra como funciona animate(), hice un ejemplo copado pero se rompe con datos reales","jquery"
"En esta unidad profundizamos en autenticación con Identity utilizando MVVM, ideal para quienes ya conocen lo básico de c#.","c#"
"En este post analizamos las novedades de Gradle y cómo afecta a los proyectos de java en producción. Veremos también cómo se integra con IntelliJ IDEA en un pipeline de deploy real.","java"
"Tutorial paso a paso para configurar VS Code y empezar a trabajar con Bulma en html. Este enfoque también aplica si estás trabajando con Lighthouse.","html"
"apunte: la stack y el heap en c++ es re confuso, preguntarle al profe en la próxima clase","c++"
"Curso intensivo de java: dominá Spring Boot y anotaciones en pocas semanas, con ejercicios evaluados automáticamente.","java"
"me tira error raro con OpenCV, creo que es tema de versiones de Visual Studio, googlear despues","c++"
"En esta unidad profundizamos en despliegue en Azure utilizando MVVM, ideal para quienes ya conocen lo básico de c#.","c#"
"Este módulo documenta el uso correcto de streams dentro del framework Maven, incluyendo parámetros opcionales.","java"
"Tutorial paso a paso para configurar npm y empezar a trabajar con jQuery UI en jquery. Este enfoque también aplica si estás trabajando con CDN de jQuery.","jquery"
"Curso intensivo de jquery: dominá Bootstrap con jQuery y event handlers en pocas semanas, con ejercicios evaluados automáticamente.","jquery"
"repasar context managers para el parcial de python, no entendí bien el ejemplo de la clase -- ver video de youtube que recomendó un compañero sobre context managers","python"
"La clase principal de CodeIgniter implementa PDO internamente para optimizar el ciclo de vida del componente. Este comportamiento puede cambiar en versiones futuras de CodeIgniter, revisar el changelog.","php"
"Comparamos Retrofit contra otras alternativas del ecosistema android, enfocándonos en consumo de APIs con Retrofit y rendimiento. Veremos también cómo se integra con Genymotion en un pipeline de deploy real. Además incluimos un mini benchmark comparando Intents contra el enfoque tradicional.","android"
"En esta unidad profundizamos en consumo de APIs con Retrofit utilizando Retrofit, ideal para quienes ya conocen lo básico de android.","android"
"NumPy expone una API que facilita el uso de decoradores, siempre que el entorno esté configurado con PyCharm. Este comportamiento puede cambiar en versiones futuras de NumPy, revisar el changelog.","python"
"Este módulo documenta el uso correcto de chaining de métodos dentro del framework Select2, incluyendo parámetros opcionales. Este comportamiento puede cambiar en versiones futuras de Select2, revisar el changelog.","jquery"
"La clase principal de OpenCV implementa memoria dinámica internamente para optimizar el ciclo de vida del componente.","c++"
"Este módulo documenta el uso correcto de permisos en runtime dentro del framework Jetpack Compose, incluyendo parámetros opcionales. Consulte la referencia oficial para más detalles sobre la configuración de Gradle. Este comportamiento puede cambiar en versiones futuras de Jetpack Compose, revisar el changelog.","android"
"Este módulo documenta el uso correcto de interfaces dentro del framework Xamarin, incluyendo parámetros opcionales. Consulte la referencia oficial para más detalles sobre la configuración de Visual Studio Code.","c#"
"repasar dataclasses para el parcial de python, no entendí bien el ejemplo de la clase","python"
"En esta unidad profundizamos en procesamiento de datos con NumPy utilizando Pytest, ideal para quienes ya conocen lo básico de python.","python"
"apunte: callbacks en javascript es re confuso, preguntarle al profe en la próxima clase -- ver video de youtube que recomendó un compañero sobre callbacks","javascript"
"me tira error raro con Android Studio, creo que es tema de versiones de Firebase Console, googlear despues","android"
"Curso intensivo de html: dominá Flexbox y formularios en pocas semanas, con ejercicios evaluados automáticamente. Al finalizar el módulo recibirás un certificado y accederás a ejercicios adicionales de compatibilidad entre navegadores.","html"
"repasar useState para el parcial de javascript, no entendí bien el ejemplo de la clase","javascript"
"me tira error raro con jQuery Mobile, creo que es tema de versiones de npm, googlear despues -- ver video de youtube que recomendó un compañero sobre AJAX","jquery"
"Paso 1: instalar Chrome DevTools. Paso 2: configurar CSS Grid. Paso 3: probar accesibilidad (a11y) con un ejemplo mínimo. Este enfoque también aplica si estás trabajando con Figma.","html"
"Cheat sheet de Flask: los comandos y conceptos de context managers que más vas a usar en el día a día.","python"
"En este post analizamos las novedades de FastAPI y cómo afecta a los proyectos de python en producción. Veremos también cómo se integra con PyCharm en un pipeline de deploy real.","python"
"En este post analizamos las novedades de SQLAlchemy y cómo afecta a los proyectos de python en producción. Además incluimos un mini benchmark comparando el GIL contra el enfoque tradicional.","python"
"¿Vale la pena migrar a STL en 2026? Repasamos ventajas, desventajas y casos de uso reales para programación orientada a objetos. Veremos también cómo se integra con g++ en un pipeline de deploy real. Además incluimos un mini benchmark comparando sobrecarga de operadores contra el enfoque tradicional.","c++"
"Módulo 5: Aprende a dominar meta tags en Bootstrap desde cero, con proyectos prácticos aplicados a estructura semántica. Al finalizar el módulo recibirás un certificado y accederás a ejercicios adicionales de estructura semántica.","html"
"Paso 1: instalar Figma. Paso 2: configurar Bootstrap. Paso 3: probar accesibilidad (a11y) con un ejemplo mínimo.","html"
"La funcionalidad Intents en Retrofit permite declarar componentes sin necesidad de configuración adicional.","android"
"Curso intensivo de javascript: dominá Vue y event loop en pocas semanas, con ejercicios evaluados automáticamente. Al finalizar el módulo recibirás un certificado y accederás a ejercicios adicionales de testing con Jest.","javascript"
"Tutorial paso a paso para configurar XAMPP y empezar a trabajar con WordPress en php.","php"
"¿Vale la pena migrar a Node.js en 2026? Repasamos ventajas, desventajas y casos de uso reales para enrutamiento (routing). Veremos también cómo se integra con yarn en un pipeline de deploy real.","javascript"
"En esta unidad profundizamos en conexión a bases de datos con PDO utilizando CodeIgniter, ideal para quienes ya conocen lo básico de php. Al finalizar el módulo recibirás un certificado y accederás a ejercicios adicionales de conexión a bases de datos con PDO.","php"
"repasar accesibilidad (a11y) para el parcial de html, no entendí bien el ejemplo de la clase","html"
"todavia no me cierra como funciona herencia, hice un ejemplo copado pero se rompe con datos reales","java"
"me tira error raro con Jetpack Compose, creo que es tema de versiones de Gradle, googlear despues","android"
"me tira error raro con Bootstrap, creo que es tema de versiones de VS Code, googlear despues -- ver video de youtube que recomendó un compañero sobre responsive design","html"
"Tutorial paso a paso para configurar Azure DevOps y empezar a trabajar con ASP.NET Core en c#. Recordá revisar la documentación oficial antes de llevar esto a producción.","c#"
"Spring MVC expone una API que facilita el uso de excepciones checked, siempre que el entorno esté configurado con IntelliJ IDEA.","java"
"Guía rápida: cómo implementar PDO en WordPress en menos de 10 minutos.","php"
"Referencia rápida de records: sintaxis básica, ejemplos y errores comunes en c#. Recordá revisar la documentación oficial antes de llevar esto a producción. Este enfoque también aplica si estás trabajando con Azure DevOps.","c#"
"Cheat sheet de Eloquent ORM: los comandos y conceptos de el autoloading que más vas a usar en el día a día.","php"
"Módulo 8: Aprende a dominar props en Svelte desde cero, con proyectos prácticos aplicados a renderizado del lado del servidor. Al finalizar el módulo recibirás un certificado y accederás a ejercicios adicionales de renderizado del lado del servidor.","javascript"
"Guía rápida: cómo implementar plugins en jQuery Mobile en menos de 10 minutos.","jquery"
"Una guía práctica sobre desarrollo de APIs con FastAPI usando Celery, con ejemplos de código y errores comunes a evitar.","python"
"Clase 12: testing unitario con JUnit paso a paso, incluye desafíos de código y un proyecto integrador final en Jakarta EE. Al finalizar el módulo recibirás un certificado y accederás a ejercicios adicionales de testing unitario con JUnit.","java"
"me tira error raro con ViewModel, creo que es tema de versiones de Firebase Console, googlear despues","android"
"En este post analizamos las novedades de Bootstrap y cómo afecta a los proyectos de html en producción. Veremos también cómo se integra con Chrome DevTools en un pipeline de deploy real.","html"
"Curso intensivo de php: dominá Eloquent ORM y namespaces en pocas semanas, con ejercicios evaluados automáticamente.","php"
"¿Vale la pena migrar a CSS Grid en 2026? Repasamos ventajas, desventajas y casos de uso reales para optimización SEO. Veremos también cómo se integra con Lighthouse en un pipeline de deploy real.","html"
"Comparamos DataTables contra otras alternativas del ecosistema jquery, enfocándonos en validación de formularios y rendimiento. Veremos también cómo se integra con npm en un pipeline de deploy real.","jquery"
"¿Vale la pena migrar a FastAPI en 2026? Repasamos ventajas, desventajas y casos de uso reales para desarrollo de APIs con FastAPI.","python"
"apunte: Activities en android es re confuso, preguntarle al profe en la próxima clase","android"
"Cheat sheet de CodeIgniter: los comandos y conceptos de namespaces que más vas a usar en el día a día.","php"
"pendiente: terminar el tp de c++ usando Qt, me falta la parte de RAII","c++"
"Curso intensivo de jquery: dominá jQuery Mobile y animate() en pocas semanas, con ejercicios evaluados automáticamente.","jquery"
"Nota: al utilizar inyección de dependencias en java, se recomienda validar los tipos de entrada antes de invocar el método principal.","java"
"Hoy vamos a explorar el método .ready() en jquery, un tema que genera muchas dudas entre desarrolladores junior. Además incluimos un mini benchmark comparando el método .ready() contra el enfoque tradicional.","jquery"
"apunte: threads en java es re confuso, preguntarle al profe en la próxima clase","java"
"tip del profe: usar Android Studio para debuggear Android Studio, ahorra un montón de tiempo -- ver video de youtube que recomendó un compañero sobre Activities","android"
"En este post analizamos las novedades de Nest.js y cómo afecta a los proyectos de javascript en producción. Además incluimos un mini benchmark comparando useState contra el enfoque tradicional.","javascript"
"Boost expone una API que facilita el uso de namespaces, siempre que el entorno esté configurado con Visual Studio. Consulte la referencia oficial para más detalles sobre la configuración de Visual Studio. Este comportamiento puede cambiar en versiones futuras de Boost, revisar el changelog.","c++"
"Tutorial paso a paso para configurar IntelliJ IDEA y empezar a trabajar con JUnit en java. Recordá revisar la documentación oficial antes de llevar esto a producción. Este enfoque también aplica si estás trabajando con Tomcat.","java"
"Módulo 11: Aprende a dominar permisos en runtime en Firebase desde cero, con proyectos prácticos aplicados a notificaciones push. Al finalizar el módulo recibirás un certificado y accederás a ejercicios adicionales de notificaciones push.","android"
"Hoy vamos a explorar plugins en jquery, un tema que genera muchas dudas entre desarrolladores junior. Veremos también cómo se integra con CDN de jQuery en un pipeline de deploy real.","jquery"
"Curso intensivo de java: dominá Maven y inyección de dependencias en pocas semanas, con ejercicios evaluados automáticamente.","java"
"La funcionalidad referencias en Qt permite declarar componentes sin necesidad de configuración adicional.","c++"
"no me anda interfaces en Laravel, capaz que me falta instalar Artisan CLI, revisar mañana","php"
"Curso intensivo de javascript: dominá Vue y el bundler webpack en pocas semanas, con ejercicios evaluados automáticamente.","javascript"
"Curso intensivo de c#: dominá ASP.NET Core y el garbage collector en pocas semanas, con ejercicios evaluados automáticamente. Al finalizar el módulo recibirás un certificado y accederás a ejercicios adicionales de arquitectura en capas.","c#"
"Cheat sheet de ASP.NET Core: los comandos y conceptos de async/await que más vas a usar en el día a día.","c#"
"En esta unidad profundizamos en gestión manual de memoria utilizando STL, ideal para quienes ya conocen lo básico de c++. Al finalizar el módulo recibirás un certificado y accederás a ejercicios adicionales de gestión manual de memoria.","c++"
"En esta unidad profundizamos en estructura semántica utilizando Flexbox, ideal para quienes ya conocen lo básico de html.","html"
"Aprendé a construir aplicaciones reales de java combinando Jakarta EE con buenas prácticas de el garbage collector. Al finalizar el módulo recibirás un certificado y accederás a ejercicios adicionales de testing unitario con JUnit.","java"
"Clase 5: formularios accesibles paso a paso, incluye desafíos de código y un proyecto integrador final en Tailwind CSS.","html"
"Guía rápida: cómo implementar la stack y el heap en OpenCV en menos de 10 minutos. Recordá revisar la documentación oficial antes de llevar esto a producción.","c++"
"Jetpack Compose expone una API que facilita el uso de el AndroidManifest, siempre que el entorno esté configurado con ADB.","android"
"Una guía práctica sobre concurrencia con threads usando STL, con ejemplos de código y errores comunes a evitar. Además incluimos un mini benchmark comparando templates contra el enfoque tradicional.","c++"
"La clase principal de React implementa el bundler webpack internamente para optimizar el ciclo de vida del componente. Este comportamiento puede cambiar en versiones futuras de React, revisar el changelog.","javascript"
"Nota: al utilizar AJAX en jquery, se recomienda validar los tipos de entrada antes de invocar el método principal.","jquery"
"Referencia rápida de arrow functions: sintaxis básica, ejemplos y errores comunes en javascript. Recordá revisar la documentación oficial antes de llevar esto a producción.","javascript"
"La funcionalidad Activities en LiveData permite declarar componentes sin necesidad de configuración adicional. Consulte la referencia oficial para más detalles sobre la configuración de Android Studio. Este comportamiento puede cambiar en versiones futuras de LiveData, revisar el changelog.","android"
"La clase principal de Flexbox implementa etiquetas semánticas internamente para optimizar el ciclo de vida del componente. Consulte la referencia oficial para más detalles sobre la configuración de Chrome DevTools.","html"
"Aprendé a construir aplicaciones reales de html combinando Bootstrap con buenas prácticas de atributos ARIA. Al finalizar el módulo recibirás un certificado y accederás a ejercicios adicionales de optimización SEO.","html"
"me tira error raro con Spring Data JPA, creo que es tema de versiones de Docker, googlear despues","java"
"Comparamos ViewModel contra otras alternativas del ecosistema android, enfocándonos en consumo de APIs con Retrofit y rendimiento. Veremos también cómo se integra con Android Studio en un pipeline de deploy real. Además incluimos un mini benchmark comparando el AndroidManifest contra el enfoque tradicional.","android"
"Hoy vamos a explorar interfaces funcionales en java, un tema que genera muchas dudas entre desarrolladores junior. Además incluimos un mini benchmark comparando interfaces funcionales contra el enfoque tradicional.","java"
"¿Vale la pena migrar a Bootstrap en 2026? Repasamos ventajas, desventajas y casos de uso reales para compatibilidad entre navegadores. Veremos también cómo se integra con Figma en un pipeline de deploy real.","html"
"En esta unidad profundizamos en estructuras de datos utilizando CMake, ideal para quienes ya conocen lo básico de c++. Al finalizar el módulo recibirás un certificado y accederás a ejercicios adicionales de estructuras de datos.","c++"
"Clase 5: estructura semántica paso a paso, incluye desafíos de código y un proyecto integrador final en Flexbox. Al finalizar el módulo recibirás un certificado y accederás a ejercicios adicionales de estructura semántica.","html"
"La clase principal de FastAPI implementa entornos virtuales internamente para optimizar el ciclo de vida del componente. Consulte la referencia oficial para más detalles sobre la configuración de PyCharm. Este comportamiento puede cambiar en versiones futuras de FastAPI, revisar el changelog.","python"
"La funcionalidad el ciclo de vida en Firebase permite declarar componentes sin necesidad de configuración adicional. Consulte la referencia oficial para más detalles sobre la configuración de Genymotion. Este comportamiento puede cambiar en versiones futuras de Firebase, revisar el changelog.","android"
"Referencia rápida de punteros: sintaxis básica, ejemplos y errores comunes en c++. Recordá revisar la documentación oficial antes de llevar esto a producción.","c++"
"Paso 1: instalar Maven. Paso 2: configurar JUnit. Paso 3: probar el patrón singleton con un ejemplo mínimo. Recordá revisar la documentación oficial antes de llevar esto a producción. Este enfoque también aplica si estás trabajando con Maven.","java"
"Tutorial paso a paso para configurar Chrome DevTools y empezar a trabajar con jQuery UI en jquery. Recordá revisar la documentación oficial antes de llevar esto a producción.","jquery"
"Composer expone una API que facilita el uso de PDO, siempre que el entorno esté configurado con Composer. Este comportamiento puede cambiar en versiones futuras de Composer, revisar el changelog.","php"
"Guía rápida: cómo implementar manipulación del DOM en Bootstrap con jQuery en menos de 10 minutos.","jquery"
"Referencia rápida de streams: sintaxis básica, ejemplos y errores comunes en java.","java"
"todavia no me cierra como funciona la stack y el heap, hice un ejemplo copado pero se rompe con datos reales -- ver video de youtube que recomendó un compañero sobre la stack y el heap","c++"
"Cheat sheet de Django: los comandos y conceptos de el GIL que más vas a usar en el día a día.","python"
"Aprendé a construir aplicaciones reales de c++ combinando Boost con buenas prácticas de referencias. Al finalizar el módulo recibirás un certificado y accederás a ejercicios adicionales de compilación y linking.","c++"
"La funcionalidad módulos ES6 en Next.js permite declarar componentes sin necesidad de configuración adicional. Consulte la referencia oficial para más detalles sobre la configuración de webpack.","javascript"
"Nota: al utilizar programación orientada a objetos en php, se recomienda validar los tipos de entrada antes de invocar el método principal.","php"
"En este post analizamos las novedades de MVVM y cómo afecta a los proyectos de c# en producción. Veremos también cómo se integra con dotnet CLI en un pipeline de deploy real.","c#"
"Módulo 6: Aprende a dominar RecyclerView en Retrofit desde cero, con proyectos prácticos aplicados a diseño de interfaces con Compose.","android"
"Referencia rápida de polimorfismo: sintaxis básica, ejemplos y errores comunes en java.","java"
"La funcionalidad layouts XML en Retrofit permite declarar componentes sin necesidad de configuración adicional. Consulte la referencia oficial para más detalles sobre la configuración de Android Studio.","android"
"Aprendé a construir aplicaciones reales de jquery combinando Bootstrap con jQuery con buenas prácticas de AJAX. Al finalizar el módulo recibirás un certificado y accederás a ejercicios adicionales de validación de formularios.","jquery"
"Aprendé a construir aplicaciones reales de jquery combinando jQuery UI con buenas prácticas de el método .ready().","jquery"
"pendiente: terminar el tp de java usando Spring MVC, me falta la parte de inyección de dependencias","java"
"Comparamos Hibernate contra otras alternativas del ecosistema java, enfocándonos en testing unitario con JUnit y rendimiento. Además incluimos un mini benchmark comparando polimorfismo contra el enfoque tradicional.","java"
"Paso 1: instalar pnpm. Paso 2: configurar Node.js. Paso 3: probar props con un ejemplo mínimo. Recordá revisar la documentación oficial antes de llevar esto a producción.","javascript"
"¿Vale la pena migrar a Bulma en 2026? Repasamos ventajas, desventajas y casos de uso reales para compatibilidad entre navegadores. Además incluimos un mini benchmark comparando SEO on-page contra el enfoque tradicional.","html"
"Paso 1: instalar XAMPP. Paso 2: configurar Composer. Paso 3: probar closures con un ejemplo mínimo.","php"
"jQuery Mobile expone una API que facilita el uso de chaining de métodos, siempre que el entorno esté configurado con CDN de jQuery.","jquery"
"¿Vale la pena migrar a Select2 en 2026? Repasamos ventajas, desventajas y casos de uso reales para validación de formularios.","jquery"
"La funcionalidad memoria dinámica en Qt permite declarar componentes sin necesidad de configuración adicional. Consulte la referencia oficial para más detalles sobre la configuración de Makefile.","c++"
"no me anda etiquetas semánticas en Tailwind CSS, capaz que me falta instalar VS Code, revisar mañana","html"
"no me anda useEffect en Express, capaz que me falta instalar npm, revisar mañana","javascript"
"no me anda LINQ en .NET Core, capaz que me falta instalar Visual Studio, revisar mañana -- ver video de youtube que recomendó un compañero sobre LINQ","c#"
"Paso 1: instalar phpMyAdmin. Paso 2: configurar Composer. Paso 3: probar closures con un ejemplo mínimo. Recordá revisar la documentación oficial antes de llevar esto a producción. Este enfoque también aplica si estás trabajando con Artisan CLI.","php"
"Comparamos Slim Framework contra otras alternativas del ecosistema php, enfocándonos en autenticación de usuarios y rendimiento. Veremos también cómo se integra con Composer en un pipeline de deploy real.","php"
"tip del profe: usar webpack para debuggear Vue, ahorra un montón de tiempo","javascript"
"La funcionalidad useState en Node.js permite declarar componentes sin necesidad de configuración adicional. Este comportamiento puede cambiar en versiones futuras de Node.js, revisar el changelog.","javascript"
"Aprendé a construir aplicaciones reales de android combinando Room con buenas prácticas de Activities.","android"
"¿Vale la pena migrar a Next.js en 2026? Repasamos ventajas, desventajas y casos de uso reales para optimización del bundle. Veremos también cómo se integra con Vite en un pipeline de deploy real.","javascript"
"Guía rápida: cómo implementar herencia en Maven en menos de 10 minutos.","java"
"Clase 10: renderizado del lado del servidor paso a paso, incluye desafíos de código y un proyecto integrador final en React.","javascript"
"Módulo 12: Aprende a dominar interfaces en Slim Framework desde cero, con proyectos prácticos aplicados a cache de consultas.","php"
"La clase principal de Celery implementa dataclasses internamente para optimizar el ciclo de vida del componente.","python"
"Comparamos Next.js contra otras alternativas del ecosistema javascript, enfocándonos en optimización del bundle y rendimiento. Veremos también cómo se integra con TypeScript en un pipeline de deploy real.","javascript"
"En esta unidad profundizamos en validación de formularios utilizando Bootstrap con jQuery, ideal para quienes ya conocen lo básico de jquery. Al finalizar el módulo recibirás un certificado y accederás a ejercicios adicionales de validación de formularios.","jquery"
"Guía rápida: cómo implementar callbacks en Nest.js en menos de 10 minutos. Recordá revisar la documentación oficial antes de llevar esto a producción.","javascript"
"¿Vale la pena migrar a Bootstrap con jQuery en 2026? Repasamos ventajas, desventajas y casos de uso reales para peticiones AJAX. Veremos también cómo se integra con CDN de jQuery en un pipeline de deploy real. Además incluimos un mini benchmark comparando selectores $() contra el enfoque tradicional.","jquery"
"Comparamos CMake contra otras alternativas del ecosistema c++, enfocándonos en punteros inteligentes y rendimiento. Veremos también cómo se integra con Valgrind en un pipeline de deploy real. Además incluimos un mini benchmark comparando smart pointers contra el enfoque tradicional.","c++"
"En este post analizamos las novedades de React y cómo afecta a los proyectos de javascript en producción.","javascript"
"Comparamos ASP.NET Core contra otras alternativas del ecosistema c#, enfocándonos en inyección de dependencias y rendimiento.","c#"
"Este módulo documenta el uso correcto de permisos en runtime dentro del framework Kotlin Coroutines, incluyendo parámetros opcionales.","android"
"En esta unidad profundizamos en optimización del bundle utilizando Next.js, ideal para quienes ya conocen lo básico de javascript.","javascript"
"Curso intensivo de python: dominá Pytest y el GIL en pocas semanas, con ejercicios evaluados automáticamente.","python"
"no me anda layouts XML en Kotlin Coroutines, capaz que me falta instalar Firebase Console, revisar mañana","android"
"Este módulo documenta el uso correcto de interfaces dentro del framework Slim Framework, incluyendo parámetros opcionales. Este comportamiento puede cambiar en versiones futuras de Slim Framework, revisar el changelog.","php"
"La clase principal de React implementa closures internamente para optimizar el ciclo de vida del componente. Consulte la referencia oficial para más detalles sobre la configuración de Vite. Este comportamiento puede cambiar en versiones futuras de React, revisar el changelog.","javascript"
"tip del profe: usar CDN de jQuery para debuggear Select2, ahorra un montón de tiempo","jquery"
"Nota: al utilizar manipulación del DOM en jquery, se recomienda validar los tipos de entrada antes de invocar el método principal. Consulte la referencia oficial para más detalles sobre la configuración de CDN de jQuery.","jquery"
"Hoy vamos a explorar traits en php, un tema que genera muchas dudas entre desarrolladores junior. Veremos también cómo se integra con PHPUnit en un pipeline de deploy real.","php"
"Este módulo documenta el uso correcto de propiedades dentro del framework Blazor, incluyendo parámetros opcionales. Este comportamiento puede cambiar en versiones futuras de Blazor, revisar el changelog.","c#"
"Cheat sheet de Hibernate: los comandos y conceptos de el patrón singleton que más vas a usar en el día a día.","java"
"Referencia rápida de traits: sintaxis básica, ejemplos y errores comunes en php. Este enfoque también aplica si estás trabajando con phpMyAdmin.","php"
"repasar async/await para el parcial de c#, no entendí bien el ejemplo de la clase -- ver video de youtube que recomendó un compañero sobre async/await","c#"
"La funcionalidad la JVM en Spring Data JPA permite declarar componentes sin necesidad de configuración adicional.","java"
"Curso intensivo de javascript: dominá Svelte y event loop en pocas semanas, con ejercicios evaluados automáticamente. Al finalizar el módulo recibirás un certificado y accederás a ejercicios adicionales de testing con Jest.","javascript"
"La funcionalidad el ciclo de vida en Kotlin Coroutines permite declarar componentes sin necesidad de configuración adicional. Este comportamiento puede cambiar en versiones futuras de Kotlin Coroutines, revisar el changelog.","android"
"Este módulo documenta el uso correcto de nullable reference types dentro del framework MVVM, incluyendo parámetros opcionales.","c#"
"apunte: smart pointers en c++ es re confuso, preguntarle al profe en la próxima clase -- ver video de youtube que recomendó un compañero sobre smart pointers","c++"
"La clase principal de Eloquent ORM implementa interfaces internamente para optimizar el ciclo de vida del componente.","php"
